{
  "US-11-VN-10-1002": 1,
  "US-11-VN-10-1003": 1,
  "US-6-VN-10": 1,
  "US-6-VN-10-OTA3000000072": 1,
  "US-6-VN-20": 1,
  "US-6-VN-20-OTA1000000007": 1,
  "US-6-VN-20-OTA4000000006": 1,
  "US-6-VN-20-OTA5000000006": 1,
  "US-6-VN-50": 1,
  "US-6-VN-50-0e36f870": 1,
  "US-6-VN-50-32088d5a": 1,
  "US-6-VN-50-38ec4e9f": 1,
  "US-6-VN-50-5da9d23f": 1,
  "US-6-VN-50-6cd46cd2": 1,
  "US-6-VN-50-7acaa75d": 1,
  "US-6-VN-50-8923abea": 1,
  "US-6-VN-50-OTA1000000007": 1,
  "US-6-VN-50-OTA2000000007": 1,
  "US-6-VN-50-OTA4000000006": 1,
  "US-6-VN-50-OTA5000000006": 1,
  "US-6-VN-50-OTDC6000000007": 1,
  "US-6-VN-50-c4ca3531": 1,
  "US-7-VN-10": 1,
  "US-7-VN-10-01ab7f16": 1,
  "US-7-VN-10-1c178ec6": 1,
  "US-7-VN-10-1ccdb869": 1,
  "US-7-VN-10-2682878a": 1,
  "US-7-VN-10-51b5d232": 1,
  "US-7-VN-10-53eccde9": 1,
  "US-7-VN-10-6286fc44": 1,
  "US-7-VN-10-65229492": 1,
  "US-7-VN-10-67da84f1": 1,
  "US-7-VN-10-9425681b": 1,
  "US-7-VN-10-9e4e8b7b": 1,
  "US-7-VN-10-bc7c7b26": 1,
  "US-7-VN-10-be0afc79": 1,
  "US-7-VN-10-bf7327f0": 1,
  "US-7-VN-10-c6cb5a9c": 1,
  "US-7-VN-10-c9ad0417": 1,
  "US-7-VN-10-da8472e2": 1,
  "US-7-VN-10-dc5f721a": 1,
  "US-7-VN-10-e14ea33d": 1,
  "US-7-VN-30": 1,
  "US-7-VN-30-71409cb4": 1,
  "US-7-VN-30-ea5d3388": 1,
  "US-7-VN-40": 1,
  "US-7-VN-40-SG-HMA-2014-00024459": 1,
  "US-7-VN-40-WA-HMA-2014-00024456": 1,
  "US-7-VN-70": 1,
  "US-7-VN-70-1a16693c": 1,
  "US-7-VN-70-639e1096": 1,
  "US-8-VN-30": 1,
  "US-8-VN-30-001180HA13": 1,
  "US-8-VN-30-002746HA13": 1,
  "US-8-VN-30-00365fd1": 1,
  "US-8-VN-30-010c3efe": 1,
  "US-8-VN-30-03960612": 1,
  "US-8-VN-30-044d948b": 1,
  "US-8-VN-30-06edf2fa": 1,
  "US-8-VN-30-08b0c1db": 1,
  "US-8-VN-30-0b0737c2": 1,
  "US-8-VN-30-0cd96732": 1,
  "US-8-VN-30-0d59e2ac": 1,
  "US-8-VN-30-0e617b16": 1,
  "US-8-VN-30-106de139": 1,
  "US-8-VN-30-107e82e2": 1,
  "US-8-VN-30-111279a1": 1,
  "US-8-VN-30-1152cf6c": 1,
  "US-8-VN-30-13f65836": 1,
  "US-8-VN-30-14b01f5c": 1,
  "US-8-VN-30-169927d2": 1,
  "US-8-VN-30-1705eb58": 1,
  "US-8-VN-30-1U2GGH001609": 1,
  "US-8-VN-30-1U2GGH001628": 1,
  "US-8-VN-30-1abee60c": 1,
  "US-8-VN-30-1bb6025b": 1,
  "US-8-VN-30-1c072f39": 1,
  "US-8-VN-30-1d100fb0": 1,
  "US-8-VN-30-1d5070a6": 1,
  "US-8-VN-30-1ecb1269": 1,
  "US-8-VN-30-1ff18e96": 1,
  "US-8-VN-30-2.00201036428002E+15": 1,
  "US-8-VN-30-2.00201140947E+15": 1,
  "US-8-VN-30-2002013M54515": 1,
  "US-8-VN-30-2002013M54966": 1,
  "US-8-VN-30-2008fd29": 1,
  "US-8-VN-30-226bb37c": 1,
  "US-8-VN-30-22a1d818": 1,
  "US-8-VN-30-22da296f": 1,
  "US-8-VN-30-243690d3": 1,
  "US-8-VN-30-245f1171": 1,
  "US-8-VN-30-26ec90db": 1,
  "US-8-VN-30-279bae38": 1,
  "US-8-VN-30-27a8b218": 1,
  "US-8-VN-30-2844e1b0": 1,
  "US-8-VN-30-28efbc22": 1,
  "US-8-VN-30-2981ef32": 1,
  "US-8-VN-30-2a60e452": 1,
  "US-8-VN-30-2ba51024": 1,
  "US-8-VN-30-2c05ace6": 1,
  "US-8-VN-30-2d8bcfc7": 1,
  "US-8-VN-30-2e6eb2ae": 1,
  "US-8-VN-30-2ebe57df": 1,
  "US-8-VN-30-3-U2G-GH000116-03S1": 1,
  "US-8-VN-30-3-U2G-GH000794-02S1": 1,
  "US-8-VN-30-3-U2G-GH001016-01S1": 1,
  "US-8-VN-30-3-U2G-GH001140-01S1": 1,
  "US-8-VN-30-3-U2G-GH001180-01S1": 1,
  "US-8-VN-30-3-U2G-PS001468-05S2": 1,
  "US-8-VN-30-3-U2G-PS002746-04S1": 1,
  "US-8-VN-30-3-U2R-GH000042-05S1": 1,
  "US-8-VN-30-3025e337": 1,
  "US-8-VN-30-30369bc8": 1,
  "US-8-VN-30-31127d7b": 1,
  "US-8-VN-30-31dbd265": 1,
  "US-8-VN-30-327e5919": 1,
  "US-8-VN-30-3282ad9a": 1,
  "US-8-VN-30-35e912a2": 1,
  "US-8-VN-30-38b0adcb": 1,
  "US-8-VN-30-38b15522": 1,
  "US-8-VN-30-38e3d244": 1,
  "US-8-VN-30-38ee3435": 1,
  "US-8-VN-30-39353c9f": 1,
  "US-8-VN-30-39dd9e09": 1,
  "US-8-VN-30-3U2GGH001097": 1,
  "US-8-VN-30-3U2GGH001114": 1,
  "US-8-VN-30-3U2RGH000042": 1,
  "US-8-VN-30-3adcad7d": 1,
  "US-8-VN-30-3b3bd4ef": 1,
  "US-8-VN-30-3bd6b09d": 1,
  "US-8-VN-30-3c068a18": 1,
  "US-8-VN-30-3c09cc96": 1,
  "US-8-VN-30-3c438042": 1,
  "US-8-VN-30-3d02c8cb": 1,
  "US-8-VN-30-3dd34956": 1,
  "US-8-VN-30-3de7383a": 1,
  "US-8-VN-30-3e70a459": 1,
  "US-8-VN-30-3e9c2934": 1,
  "US-8-VN-30-40a05bd9": 1,
  "US-8-VN-30-41362dd1": 1,
  "US-8-VN-30-43862dde": 1,
  "US-8-VN-30-43bc7761": 1,
  "US-8-VN-30-458b5636": 1,
  "US-8-VN-30-45a10518": 1,
  "US-8-VN-30-46415016": 1,
  "US-8-VN-30-474ef2ce": 1,
  "US-8-VN-30-47f9cc8a": 1,
  "US-8-VN-30-4b28198e": 1,
  "US-8-VN-30-4c53fe70": 1,
  "US-8-VN-30-4cf21a97": 1,
  "US-8-VN-30-4ea9e751": 1,
  "US-8-VN-30-4f435711": 1,
  "US-8-VN-30-4fc189de": 1,
  "US-8-VN-30-5-U01-PS003327-04": 1,
  "US-8-VN-30-5-U2G-GH001016-02": 1,
  "US-8-VN-30-5-U2G-GH001140-02": 1,
  "US-8-VN-30-5-U2G-PS003123-04": 1,
  "US-8-VN-30-5-U2G-PS003241-04": 1,
  "US-8-VN-30-504869ac": 1,
  "US-8-VN-30-50876ece": 1,
  "US-8-VN-30-50c41e04": 1,
  "US-8-VN-30-518b3bd2": 1,
  "US-8-VN-30-51f97b36": 1,
  "US-8-VN-30-520c1e83": 1,
  "US-8-VN-30-52528252": 1,
  "US-8-VN-30-52a98010": 1,
  "US-8-VN-30-5342a487": 1,
  "US-8-VN-30-535fd99b": 1,
  "US-8-VN-30-53e28506": 1,
  "US-8-VN-30-56cc5448": 1,
  "US-8-VN-30-574b10ef": 1,
  "US-8-VN-30-582baea8": 1,
  "US-8-VN-30-58915eba": 1,
  "US-8-VN-30-59c8ae15": 1,
  "US-8-VN-30-5U01PS003327": 1,
  "US-8-VN-30-5U2GGH000116": 1,
  "US-8-VN-30-5U2GGH000794": 1,
  "US-8-VN-30-5U2GGH000977": 1,
  "US-8-VN-30-5U2GGH001016": 1,
  "US-8-VN-30-5U2GGH001096": 1,
  "US-8-VN-30-5U2GGH001140": 1,
  "US-8-VN-30-5U2GGH001180": 1,
  "US-8-VN-30-5U2GPS003123": 1,
  "US-8-VN-30-5a0bfd11": 1,
  "US-8-VN-30-5bffe995": 1,
  "US-8-VN-30-5cac0184": 1,
  "US-8-VN-30-5cb586d7": 1,
  "US-8-VN-30-5d4e9047": 1,
  "US-8-VN-30-5ea00cd7": 1,
  "US-8-VN-30-5f05a67a": 1,
  "US-8-VN-30-606a0933": 1,
  "US-8-VN-30-64127134": 1,
  "US-8-VN-30-64541090": 1,
  "US-8-VN-30-6558e2cc": 1,
  "US-8-VN-30-65bbc703": 1,
  "US-8-VN-30-668a6886": 1,
  "US-8-VN-30-6848e205": 1,
  "US-8-VN-30-6929f453": 1,
  "US-8-VN-30-693c3219": 1,
  "US-8-VN-30-6a51b707": 1,
  "US-8-VN-30-6b6b5f14": 1,
  "US-8-VN-30-6dc9dfa2": 1,
  "US-8-VN-30-6de42ffc": 1,
  "US-8-VN-30-70dbe02f": 1,
  "US-8-VN-30-7104e9d3": 1,
  "US-8-VN-30-732b11ab": 1,
  "US-8-VN-30-73467e53": 1,
  "US-8-VN-30-74222633": 1,
  "US-8-VN-30-7482ccb1": 1,
  "US-8-VN-30-758067db": 1,
  "US-8-VN-30-76283247": 1,
  "US-8-VN-30-76d3af8c": 1,
  "US-8-VN-30-78d53d15": 1,
  "US-8-VN-30-79213a4b": 1,
  "US-8-VN-30-7afaf574": 1,
  "US-8-VN-30-7e4b5f34": 1,
  "US-8-VN-30-7e794362": 1,
  "US-8-VN-30-80445b63": 1,
  "US-8-VN-30-80508e9f": 1,
  "US-8-VN-30-82124789": 1,
  "US-8-VN-30-84beef61": 1,
  "US-8-VN-30-8543616f": 1,
  "US-8-VN-30-877e22aa": 1,
  "US-8-VN-30-8792544b": 1,
  "US-8-VN-30-89bf4e7d": 1,
  "US-8-VN-30-89c35363": 1,
  "US-8-VN-30-8aee501d": 1,
  "US-8-VN-30-8b19b386": 1,
  "US-8-VN-30-8b4ec933": 1,
  "US-8-VN-30-8b9fa74e": 1,
  "US-8-VN-30-8d6f669f": 1,
  "US-8-VN-30-8da93f9a": 1,
  "US-8-VN-30-8e6579f1": 1,
  "US-8-VN-30-91454db0": 1,
  "US-8-VN-30-91812b0a": 1,
  "US-8-VN-30-9363140d": 1,
  "US-8-VN-30-93a67764": 1,
  "US-8-VN-30-93d7fc2d": 1,
  "US-8-VN-30-94766512": 1,
  "US-8-VN-30-94ced54d": 1,
  "US-8-VN-30-95de352c": 1,
  "US-8-VN-30-95de7605": 1,
  "US-8-VN-30-95e1bdb6": 1,
  "US-8-VN-30-96da9429": 1,
  "US-8-VN-30-9720b1e7": 1,
  "US-8-VN-30-976ee58f": 1,
  "US-8-VN-30-979a2125": 1,
  "US-8-VN-30-99b2f8b4": 1,
  "US-8-VN-30-9ccc50e0": 1,
  "US-8-VN-30-9d39c58a": 1,
  "US-8-VN-30-9decc709": 1,
  "US-8-VN-30-9e3d968a": 1,
  "US-8-VN-30-9e5f6264": 1,
  "US-8-VN-30-9fd2d402": 1,
  "US-8-VN-30-HHS-2013-Vietnam-3000-75-13-0943": 1,
  "US-8-VN-30-HHS-2013-Vietnam-3000-75-13-0950": 1,
  "US-8-VN-30-HHS-2013-Vietnam-3000-75-X-0140": 1,
  "US-8-VN-30-HHS-2013-Vietnam-3001-75-1314-0955": 1,
  "US-8-VN-30-HHS-2013-Vietnam-3001-75-19-1216-1031-001": 1,
  "US-8-VN-30-HHS-2013-Vietnam-3001-75-19-X-1030-001": 1,
  "US-8-VN-30-HHS-2013-Vietnam-3001-75-19-X-1031-001": 1,
  "US-8-VN-30-HHS-2013-Vietnam-3004-75-13-0951": 1,
  "US-8-VN-30-UGH000116A": 1,
  "US-8-VN-30-UGH000794A": 1,
  "US-8-VN-30-UGH001016A": 1,
  "US-8-VN-30-UGH001140A": 1,
  "US-8-VN-30-UOE000002A": 1,
  "US-8-VN-30-UPS001172A": 1,
  "US-8-VN-30-UPS001285A": 1,