{
  "US-GOV-14-VN-001180HA13": 1,
  "US-GOV-14-VN-002746HA13": 1,
  "US-GOV-14-VN-00365fd1": 1,
  "US-GOV-14-VN-010c3efe": 1,
  "US-GOV-14-VN-03960612": 1,
  "US-GOV-14-VN-044d948b": 1,
  "US-GOV-14-VN-06edf2fa": 1,
  "US-GOV-14-VN-08b0c1db": 1,
  "US-GOV-14-VN-0b0737c2": 1,
  "US-GOV-14-VN-0cd96732": 1,
  "US-GOV-14-VN-0d59e2ac": 1,
  "US-GOV-14-VN-0e617b16": 1,
  "US-GOV-14-VN-106de139": 1,
  "US-GOV-14-VN-107e82e2": 1,
  "US-GOV-14-VN-111279a1": 1,
  "US-GOV-14-VN-1152cf6c": 1,
  "US-GOV-14-VN-13f65836": 1,
  "US-GOV-14-VN-14b01f5c": 1,
  "US-GOV-14-VN-15U1NHA08599": 1,
  "US-GOV-14-VN-169927d2": 1,
  "US-GOV-14-VN-1705eb58": 1,
  "US-GOV-14-VN-1U2GGH001609": 1,
  "US-GOV-14-VN-1U2GGH001628": 1,
  "US-GOV-14-VN-1abee60c": 1,
  "US-GOV-14-VN-1bb6025b": 1,
  "US-GOV-14-VN-1c072f39": 1,
  "US-GOV-14-VN-1d100fb0": 1,
  "US-GOV-14-VN-1d5070a6": 1,
  "US-GOV-14-VN-1ecb1269": 1,
  "US-GOV-14-VN-1ff18e96": 1,
  "US-GOV-14-VN-2.00201036428002E+15": 1,
  "US-GOV-14-VN-2.00201140947E+15": 1,
  "US-GOV-14-VN-2002013M54515": 1,
  "US-GOV-14-VN-2002013M54966": 1,
  "US-GOV-14-VN-2008fd29": 1,
  "US-GOV-14-VN-226bb37c": 1,
  "US-GOV-14-VN-22a1d818": 1,
  "US-GOV-14-VN-22da296f": 1,
  "US-GOV-14-VN-243690d3": 1,
  "US-GOV-14-VN-245f1171": 1,
  "US-GOV-14-VN-26ec90db": 1,
  "US-GOV-14-VN-279bae38": 1,
  "US-GOV-14-VN-27a8b218": 1,
  "US-GOV-14-VN-2844e1b0": 1,
  "US-GOV-14-VN-28efbc22": 1,
  "US-GOV-14-VN-2981ef32": 1,
  "US-GOV-14-VN-2a60e452": 1,
  "US-GOV-14-VN-2ba51024": 1,
  "US-GOV-14-VN-2c05ace6": 1,
  "US-GOV-14-VN-2d8bcfc7": 1,
  "US-GOV-14-VN-2e6eb2ae": 1,
  "US-GOV-14-VN-2ebe57df": 1,
  "US-GOV-14-VN-3-U2G-GH000116-03S1": 1,
  "US-GOV-14-VN-3-U2G-GH000794-02S1": 1,
  "US-GOV-14-VN-3-U2G-GH001016-01S1": 1,
  "US-GOV-14-VN-3-U2G-GH001140-01S1": 1,
  "US-GOV-14-VN-3-U2G-GH001180-01S1": 1,
  "US-GOV-14-VN-3-U2G-PS001468-05S2": 1,
  "US-GOV-14-VN-3-U2G-PS002746-04S1": 1,
  "US-GOV-14-VN-3-U2R-GH000042-05S1": 1,
  "US-GOV-14-VN-3025e337": 1,
  "US-GOV-14-VN-30369bc8": 1,
  "US-GOV-14-VN-31127d7b": 1,
  "US-GOV-14-VN-31dbd265": 1,
  "US-GOV-14-VN-327e5919": 1,
  "US-GOV-14-VN-3282ad9a": 1,
  "US-GOV-14-VN-35e912a2": 1,
  "US-GOV-14-VN-38b0adcb": 1,
  "US-GOV-14-VN-38b15522": 1,
  "US-GOV-14-VN-38e3d244": 1,
  "US-GOV-14-VN-38ee3435": 1,
  "US-GOV-14-VN-39353c9f": 1,
  "US-GOV-14-VN-39dd9e09": 1,
  "US-GOV-14-VN-3U2GGH001097": 1,
  "US-GOV-14-VN-3U2GGH001114": 1,
  "US-GOV-14-VN-3U2RGH000042": 1,
  "US-GOV-14-VN-3adcad7d": 1,
  "US-GOV-14-VN-3b3bd4ef": 1,
  "US-GOV-14-VN-3bd6b09d": 1,
  "US-GOV-14-VN-3c068a18": 1,
  "US-GOV-14-VN-3c09cc96": 1,
  "US-GOV-14-VN-3c438042": 1,
  "US-GOV-14-VN-3d02c8cb": 1,
  "US-GOV-14-VN-3dd34956": 1,
  "US-GOV-14-VN-3de7383a": 1,
  "US-GOV-14-VN-3e70a459": 1,
  "US-GOV-14-VN-3e9c2934": 1,
  "US-GOV-14-VN-40a05bd9": 1,
  "US-GOV-14-VN-41362dd1": 1,
  "US-GOV-14-VN-43862dde": 1,
  "US-GOV-14-VN-43bc7761": 1,
  "US-GOV-14-VN-458b5636": 1,
  "US-GOV-14-VN-45a10518": 1,
  "US-GOV-14-VN-46415016": 1,
  "US-GOV-14-VN-474ef2ce": 1,
  "US-GOV-14-VN-47f9cc8a": 1,
  "US-GOV-14-VN-4b28198e": 1,
  "US-GOV-14-VN-4c53fe70": 1,
  "US-GOV-14-VN-4cf21a97": 1,
  "US-GOV-14-VN-4ea9e751": 1,
  "US-GOV-14-VN-4f435711": 1,
  "US-GOV-14-VN-4fc189de": 1,
  "US-GOV-14-VN-5-U01-PS003327-04": 1,
  "US-GOV-14-VN-5-U2G-GH001016-02": 1,
  "US-GOV-14-VN-5-U2G-GH001140-02": 1,
  "US-GOV-14-VN-5-U2G-PS003123-04": 1,
  "US-GOV-14-VN-5-U2G-PS003241-04": 1,
  "US-GOV-14-VN-504869ac": 1,
  "US-GOV-14-VN-50876ece": 1,
  "US-GOV-14-VN-50c41e04": 1,
  "US-GOV-14-VN-518b3bd2": 1,
  "US-GOV-14-VN-51f97b36": 1,
  "US-GOV-14-VN-520c1e83": 1,
  "US-GOV-14-VN-52528252": 1,
  "US-GOV-14-VN-52a98010": 1,
  "US-GOV-14-VN-5342a487": 1,
  "US-GOV-14-VN-535fd99b": 1,
  "US-GOV-14-VN-53e28506": 1,
  "US-GOV-14-VN-56cc5448": 1,
  "US-GOV-14-VN-574b10ef": 1,
  "US-GOV-14-VN-582baea8": 1,
  "US-GOV-14-VN-58915eba": 1,
  "US-GOV-14-VN-59c8ae15": 1,
  "US-GOV-14-VN-5U01PS003327": 1,
  "US-GOV-14-VN-5U2GGH000116": 1,
  "US-GOV-14-VN-5U2GGH000794": 1,
  "US-GOV-14-VN-5U2GGH000977": 1,
  "US-GOV-14-VN-5U2GGH001016": 1,
  "US-GOV-14-VN-5U2GGH001096": 1,
  "US-GOV-14-VN-5U2GGH001140": 1,
  "US-GOV-14-VN-5U2GGH001180": 1,
  "US-GOV-14-VN-5U2GPS003123": 1,
  "US-GOV-14-VN-5a0bfd11": 1,
  "US-GOV-14-VN-5bffe995": 1,
  "US-GOV-14-VN-5cac0184": 1,
  "US-GOV-14-VN-5cb586d7": 1,
  "US-GOV-14-VN-5d4e9047": 1,
  "US-GOV-14-VN-5ea00cd7": 1,
  "US-GOV-14-VN-5f05a67a": 1,
  "US-GOV-14-VN-606a0933": 1,
  "US-GOV-14-VN-64127134": 1,
  "US-GOV-14-VN-64541090": 1,
  "US-GOV-14-VN-6558e2cc": 1,
  "US-GOV-14-VN-65bbc703": 1,
  "US-GOV-14-VN-668a6886": 1,
  "US-GOV-14-VN-6848e205": 1,
  "US-GOV-14-VN-6929f453": 1,
  "US-GOV-14-VN-693c3219": 1,
  "US-GOV-14-VN-6a51b707": 1,
  "US-GOV-14-VN-6b6b5f14": 1,
  "US-GOV-14-VN-6dc9dfa2": 1,
  "US-GOV-14-VN-6de42ffc": 1,
  "US-GOV-14-VN-70dbe02f": 1,
  "US-GOV-14-VN-7104e9d3": 1,
  "US-GOV-14-VN-732b11ab": 1,
  "US-GOV-14-VN-73467e53": 1,
  "US-GOV-14-VN-74222633": 1,
  "US-GOV-14-VN-7482ccb1": 1,
  "US-GOV-14-VN-758067db": 1,
  "US-GOV-14-VN-76283247": 1,
  "US-GOV-14-VN-76d3af8c": 1,
  "US-GOV-14-VN-78d53d15": 1,
  "US-GOV-14-VN-79213a4b": 1,
  "US-GOV-14-VN-7afaf574": 1,
  "US-GOV-14-VN-7e4b5f34": 1,
  "US-GOV-14-VN-7e794362": 1,
  "US-GOV-14-VN-80445b63": 1,
  "US-GOV-14-VN-80508e9f": 1,
  "US-GOV-14-VN-82124789": 1,
  "US-GOV-14-VN-84beef61": 1,
  "US-GOV-14-VN-8543616f": 1,
  "US-GOV-14-VN-877e22aa": 1,
  "US-GOV-14-VN-8792544b": 1,
  "US-GOV-14-VN-89bf4e7d": 1,
  "US-GOV-14-VN-89c35363": 1,
  "US-GOV-14-VN-8aee501d": 1,
  "US-GOV-14-VN-8b19b386": 1,
  "US-GOV-14-VN-8b4ec933": 1,
  "US-GOV-14-VN-8b9fa74e": 1,
  "US-GOV-14-VN-8d6f669f": 1,
  "US-GOV-14-VN-8da93f9a": 1,
  "US-GOV-14-VN-8e6579f1": 1,
  "US-GOV-14-VN-91454db0": 1,
  "US-GOV-14-VN-91812b0a": 1,
  "US-GOV-14-VN-9363140d": 1,
  "US-GOV-14-VN-93a67764": 1,
  "US-GOV-14-VN-93d7fc2d": 1,
  "US-GOV-14-VN-94766512": 1,
  "US-GOV-14-VN-94ced54d": 1,
  "US-GOV-14-VN-95de352c": 1,
  "US-GOV-14-VN-95de7605": 1,
  "US-GOV-14-VN-95e1bdb6": 1,
  "US-GOV-14-VN-96da9429": 1,
  "US-GOV-14-VN-9720b1e7": 1,
  "US-GOV-14-VN-976ee58f": 1,
  "US-GOV-14-VN-979a2125": 1,
  "US-GOV-14-VN-99b2f8b4": 1,
  "US-GOV-14-VN-9ccc50e0": 1,
  "US-GOV-14-VN-9d39c58a": 1,
  "US-GOV-14-VN-9decc709": 1,
  "US-GOV-14-VN-9e3d968a": 1,
  "US-GOV-14-VN-9e5f6264": 1,
  "US-GOV-14-VN-9fd2d402": 1,
  "US-GOV-14-VN-HHS-2013-Vietnam-3000-75-13-0943": 1,
  "US-GOV-14-VN-HHS-2013-Vietnam-3000-75-13-0950": 1,
  "US-GOV-14-VN-HHS-2013-Vietnam-3000-75-X-0140": 1,
  "US-GOV-14-VN-HHS-2013-Vietnam-3001-75-1314-0955": 1,
  "US-GOV-14-VN-HHS-2013-Vietnam-3001-75-19-1216-1031-001": 1,
  "US-GOV-14-VN-HHS-2013-Vietnam-3001-75-19-X-1030-001": 1,
  "US-GOV-14-VN-HHS-2013-Vietnam-3001-75-19-X-1031-001": 1,
  "US-GOV-14-VN-HHS-2013-Vietnam-3004-75-13-0951": 1,
  "US-GOV-14-VN-SAMSHA-ID-ADMIN-1": 1,
  "US-GOV-14-VN-UGH000116A": 1,
  "US-GOV-14-VN-UGH000794A": 1,
  "US-GOV-14-VN-UGH001016A": 1,
  "US-GOV-14-VN-UGH001140A": 1,
  "US-GOV-14-VN-UOE000002A": 1,
  "US-GOV-14-VN-UPS001172A": 1,
  "US-GOV-14-VN-UPS001285A": 1,
  "US-GOV-14-VN-UPS001298A": 1,
  "US-GOV-14-VN-UPS001468A": 1,
  "US-GOV-14-VN-UPS001799A": 1,
  "US-GOV-14-VN-UPS001928A": 1,
  "US-GOV-14-VN-UPS001933A": 1,
  "US-GOV-14-VN-UPS002015A": 1,
  "US-GOV-14-VN-UPS003123A": 1,
  "US-GOV-14-VN-UPS003241A": 1,
  "US-GOV-14-VN-UPS003326A": 1,
  "US-GOV-14-VN-UPS003327A": 1,
  "US-GOV-14-VN-UPS003364A": 1,
  "US-GOV-14-VN-a32ea8fb": 1,
  "US-GOV-14-VN-a3f24c00": 1,
  "US-GOV-14-VN-a4365164": 1,
  "US-GOV-14-VN-a5888896": 1,
  "US-GOV-14-VN-a72db173": 1,
  "US-GOV-14-VN-a7330335": 1,
  "US-GOV-14-VN-a76e7da2": 1,
  "US-GOV-14-VN-a7f200b1": 1,
  "US-GOV-14-VN-a83f0def": 1,
  "US-GOV-14-VN-aa891c76": 1,
  "US-GOV-14-VN-aad4816c": 1,
  "US-GOV-14-VN-ad50625c": 1,
  "US-GOV-14-VN-ad5e9545": 1,
  "US-GOV-14-VN-aed9022b": 1,
  "US-GOV-14-VN-af26fec0": 1,
  "US-GOV-14-VN-af47ee2b": 1,
  "US-GOV-14-VN-afb295d8": 1,
  "US-GOV-14-VN-afebade8": 1,
  "US-GOV-14-VN-b37df614": 1,
  "US-GOV-14-VN-b3b7b712": 1,