{
  "US-GOV-11-RS-2079108062": 1,
  "US-GOV-11-RS-2079108063": 1,
  "US-GOV-11-RS-2079208062": 1,
  "US-GOV-11-RS-2079208064": 1,
  "US-GOV-11-RS-2079308063": 1,
  "US-GOV-11-RS-2079308064": 1,
  "US-GOV-15-RS-008061": 1,
  "US-GOV-15-RS-008062": 1,
  "US-GOV-15-RS-108062": 1,
  "US-GOV-15-RS-108063": 1,
  "US-GOV-15-RS-208062": 1,
  "US-GOV-15-RS-208064": 1,
  "US-GOV-15-RS-308063": 1,
  "US-GOV-15-RS-308064": 1,
  "US-GOV-15-RS-402000": 1,
  "US-GOV-15-RS-403000": 1,
  "US-GOV-15-RS-908061": 1,
  "US-GOV-15-RS-908062": 1,
  "US-GOV-15-RS-X352I.208062": 1,
  "US-GOV-15-RS-X376.208064": 1,
  "US-GOV-15-RS-X398I.308064": 1,
  "US-GOV-15-RS-X442.308063": 1,
  "US-GOV-15-RS-X456I.402000": 1,
  "US-GOV-15-RS-X505I.502001": 1,
  "US-GOV-15-RS-X510.403000": 1,
  "US-GOV-15-RS-X513I.10845689": 1,
  "US-GOV-15-RS-X540I.602001": 1,
  "US-GOV-15-RS-X549.503001b": 1,
  "US-GOV-15-RS-X612.403183": 1,
  "US-GOV-15-RS-X612.503002": 1,
  "US-GOV-15-RS-X612.603001D": 1,
  "US-GOV-19-RS-2X-15-0066": 1,
  "US-GOV-19-RS-EB": 1,
  "US-GOV-19-RS-SU": 1,
  "US-GOV-20-RS-DE-AC02-06CH11357-(ANL)": 1,
  "US-GOV-20-RS-DE-AC09-08SR22470": 1,
  "US-GOV-20-RS-DE-AC09-08SR22470-(SRNL)": 1,
  "US-GOV-20-RS-NN4009020": 1,
  "US-GOV-7-RS-10079f69": 1,
  "US-GOV-7-RS-1128d1c0": 1,
  "US-GOV-7-RS-1f07f1c6": 1,
  "US-GOV-7-RS-23791": 1,
  "US-GOV-7-RS-26682": 1,
  "US-GOV-7-RS-2caf7fa5": 1,
  "US-GOV-7-RS-2e0860fd": 1,
  "US-GOV-7-RS-322e83a9": 1,
  "US-GOV-7-RS-3a998425": 1,
  "US-GOV-7-RS-4b05cc78": 1,
  "US-GOV-7-RS-6fe66f0b": 1,
  "US-GOV-7-RS-DTRA---80": 1,
  "US-GOV-7-RS-DoD-HIV/AIDS-Prevention-Program-(DHAPP)": 1,
  "US-GOV-7-RS-RB-HAMC-2015-00030187": 1,
  "US-GOV-7-RS-RB-HAMC-2015-00030189": 1,
  "US-GOV-7-RS-a8b43772": 1,
  "US-GOV-7-RS-b1782eaf": 1,
  "US-GOV-7-RS-c7de765a": 1,
  "US-GOV-7-RS-d272eede": 1,
  "US-GOV-7-RS-de490b00": 1,
  "US-GOV-7-RS-e3c024df": 1,
  "US-GOV-7-RS-e831d0d7": 1,
  "US-GOV-7-RS-f1a6f5f5": 1
}