{
  "US-11-IN-10-1001": 1,
  "US-6-IN-10": 1,
  "US-6-IN-10-75e18c0f": 1,
  "US-6-IN-20": 1,
  "US-6-IN-20-OTA4000000003": 1,
  "US-6-IN-50": 1,
  "US-6-IN-50-277968d1": 1,
  "US-6-IN-50-OTA1000000044": 1,
  "US-6-IN-50-OTA4000000003": 1,
  "US-6-IN-80": 1,
  "US-6-IN-80-OTA4000000003": 1,
  "US-7-IN-10": 1,
  "US-7-IN-10-069292c7": 1,
  "US-7-IN-10-14568c92": 1,
  "US-7-IN-10-258ae0b0": 1,
  "US-7-IN-10-3f757722": 1,
  "US-7-IN-10-444cb6cb": 1,
  "US-7-IN-10-85fa2250": 1,
  "US-7-IN-10-a71c7e11": 1,
  "US-7-IN-10-ac15dd07": 1,
  "US-7-IN-10-af0fce47": 1,
  "US-7-IN-10-b325eeb6": 1,
  "US-7-IN-10-cc775a41": 1,
  "US-7-IN-10-e4111ae6": 1,
  "US-7-IN-10-f34501eb": 1,
  "US-7-IN-30": 1,
  "US-7-IN-30-343cb7dd": 1,
  "US-8-IN-30": 1,
  "US-8-IN-30-001087HA13": 1,
  "US-8-IN-30-001103HA13": 1,
  "US-8-IN-30-001132HA13": 1,
  "US-8-IN-30-001180HA13": 1,
  "US-8-IN-30-001fefa3": 1,
  "US-8-IN-30-002808HA13": 1,
  "US-8-IN-30-003043HA13": 1,
  "US-8-IN-30-0077a30c": 1,
  "US-8-IN-30-01136504": 1,
  "US-8-IN-30-01549b02": 1,
  "US-8-IN-30-0210bd0d": 1,
  "US-8-IN-30-0219ee36": 1,
  "US-8-IN-30-0462df9c": 1,
  "US-8-IN-30-0567be99": 1,
  "US-8-IN-30-069fa1d1": 1,
  "US-8-IN-30-07817ed8": 1,
  "US-8-IN-30-07ea2457": 1,
  "US-8-IN-30-08757efd": 1,
  "US-8-IN-30-09feb3e4": 1,
  "US-8-IN-30-0a3257c2": 1,
  "US-8-IN-30-0a86b4f6": 1,
  "US-8-IN-30-0b2c61a3": 1,
  "US-8-IN-30-0b2dc85f": 1,
  "US-8-IN-30-0b3ce302": 1,
  "US-8-IN-30-0c207855": 1,
  "US-8-IN-30-0cf908f5": 1,
  "US-8-IN-30-0d48587c": 1,
  "US-8-IN-30-0e290394": 1,
  "US-8-IN-30-0ea29bd1": 1,
  "US-8-IN-30-0f1cebaf": 1,
  "US-8-IN-30-1-U2G-GH001268-01": 1,
  "US-8-IN-30-10b1b8ac": 1,
  "US-8-IN-30-133dabce": 1,
  "US-8-IN-30-13b7c1d8": 1,
  "US-8-IN-30-14265d90": 1,
  "US-8-IN-30-167f69a1": 1,
  "US-8-IN-30-16da8b1f": 1,
  "US-8-IN-30-1971e5b7": 1,
  "US-8-IN-30-1U2GGH001340": 1,
  "US-8-IN-30-1U2GGH001346": 1,
  "US-8-IN-30-1U2GGH001462": 1,
  "US-8-IN-30-1U2GGH001904": 1,
  "US-8-IN-30-1b0cd246": 1,
  "US-8-IN-30-1c53a4a7": 1,
  "US-8-IN-30-1c7c56ed": 1,
  "US-8-IN-30-1c933bf1": 1,
  "US-8-IN-30-1cc9eae8": 1,
  "US-8-IN-30-1ceedb35": 1,
  "US-8-IN-30-1d572092": 1,
  "US-8-IN-30-1d57722b": 1,
  "US-8-IN-30-1ef561e3": 1,
  "US-8-IN-30-1f3a64cb": 1,
  "US-8-IN-30-1fc6dbf9": 1,
  "US-8-IN-30-2.00201140946002E+15": 1,
  "US-8-IN-30-2.00201140946E+15": 1,
  "US-8-IN-30-201a0a51": 1,
  "US-8-IN-30-206f4eaf": 1,
  "US-8-IN-30-207ae4e7": 1,
  "US-8-IN-30-21e3e509": 1,
  "US-8-IN-30-223d2beb": 1,
  "US-8-IN-30-23dc7d53": 1,
  "US-8-IN-30-254dae1c": 1,
  "US-8-IN-30-2650a238": 1,
  "US-8-IN-30-268043e3": 1,
  "US-8-IN-30-26baaba4": 1,
  "US-8-IN-30-26f2bd37": 1,
  "US-8-IN-30-28223bf5": 1,
  "US-8-IN-30-28a4ae6e": 1,
  "US-8-IN-30-2960e623": 1,
  "US-8-IN-30-2b846d8b": 1,
  "US-8-IN-30-2bb9a119": 1,
  "US-8-IN-30-2bbf512e": 1,
  "US-8-IN-30-2c6419ef": 1,
  "US-8-IN-30-2cf984e5": 1,
  "US-8-IN-30-2e867b16": 1,
  "US-8-IN-30-3-U01-GH000066-05S1": 1,
  "US-8-IN-30-3-U01-GH001168-02S1": 1,
  "US-8-IN-30-3-U2G-GH001087-01S1": 1,
  "US-8-IN-30-3-U2G-GH001087-01S2": 1,
  "US-8-IN-30-3-U2G-GH001103-01S1": 1,
  "US-8-IN-30-3-U2G-GH001132-01S1": 1,
  "US-8-IN-30-3-U2G-GH001180-01S1": 1,
  "US-8-IN-30-3-U2G-PS001954-05S1": 1,
  "US-8-IN-30-3-U2G-PS001955-05S1": 1,
  "US-8-IN-30-3-U2G-PS002027-05S1": 1,
  "US-8-IN-30-3-U2G-PS003043-04S2": 1,
  "US-8-IN-30-32f6e128": 1,
  "US-8-IN-30-33af9103": 1,
  "US-8-IN-30-346f37db": 1,
  "US-8-IN-30-352e4065": 1,
  "US-8-IN-30-353d93e2": 1,
  "US-8-IN-30-36fa3d2f": 1,
  "US-8-IN-30-3727eeb9": 1,
  "US-8-IN-30-3768e4e6": 1,
  "US-8-IN-30-37f6845d": 1,
  "US-8-IN-30-38073d1a": 1,
  "US-8-IN-30-3U2GGH001087": 1,
  "US-8-IN-30-3bd9251b": 1,
  "US-8-IN-30-3dd33821": 1,
  "US-8-IN-30-3df0aa65": 1,
  "US-8-IN-30-4055bb70": 1,
  "US-8-IN-30-414fc845": 1,
  "US-8-IN-30-423a08b1": 1,
  "US-8-IN-30-42431601": 1,
  "US-8-IN-30-42a16a01": 1,
  "US-8-IN-30-42f81c97": 1,
  "US-8-IN-30-433f844f": 1,
  "US-8-IN-30-43ed4d2c": 1,
  "US-8-IN-30-4580b78f": 1,
  "US-8-IN-30-45902951": 1,
  "US-8-IN-30-45a9f45d": 1,
  "US-8-IN-30-4647fdd6": 1,
  "US-8-IN-30-47a6cc4d": 1,
  "US-8-IN-30-47cc6ab9": 1,
  "US-8-IN-30-49084014": 1,
  "US-8-IN-30-4b3cb239": 1,
  "US-8-IN-30-4b96debf": 1,
  "US-8-IN-30-4caf10d5": 1,
  "US-8-IN-30-4dc9964e": 1,
  "US-8-IN-30-4fda6915": 1,
  "US-8-IN-30-5-U01-GH001051-02": 1,
  "US-8-IN-30-5-U01-GH001168-02": 1,
  "US-8-IN-30-5-U01-IP000492-04": 1,
  "US-8-IN-30-5-U2G-GH001103-02": 1,
  "US-8-IN-30-5-U2G-GH001132-02": 1,
  "US-8-IN-30-5-U2G-PS002808-05": 1,
  "US-8-IN-30-5-U38-OT000203-02": 1,
  "US-8-IN-30-5083309b": 1,
  "US-8-IN-30-51897264": 1,
  "US-8-IN-30-51da4381": 1,
  "US-8-IN-30-5261e900": 1,
  "US-8-IN-30-52dd624d": 1,
  "US-8-IN-30-5376b150": 1,
  "US-8-IN-30-54a9ff30": 1,
  "US-8-IN-30-54e10ba8": 1,
  "US-8-IN-30-552c56c5": 1,
  "US-8-IN-30-55bb47f9": 1,
  "US-8-IN-30-577f99e2": 1,
  "US-8-IN-30-58346fdd": 1,
  "US-8-IN-30-59c294f6": 1,
  "US-8-IN-30-5U01GH001168": 1,
  "US-8-IN-30-5U01IP000492": 1,
  "US-8-IN-30-5U2GGH001103": 1,
  "US-8-IN-30-5U2GGH001132": 1,
  "US-8-IN-30-5U38OT000203": 1,
  "US-8-IN-30-5a00fc99": 1,
  "US-8-IN-30-5b75ac55": 1,
  "US-8-IN-30-5c3575d1": 1,
  "US-8-IN-30-5c9820b8": 1,
  "US-8-IN-30-5d17ce1a": 1,
  "US-8-IN-30-5d42e88a": 1,
  "US-8-IN-30-5d720a17": 1,
  "US-8-IN-30-5ebd432d": 1,
  "US-8-IN-30-5f52c61a": 1,
  "US-8-IN-30-5fd24b38": 1,
  "US-8-IN-30-60602d5b": 1,
  "US-8-IN-30-60d46cb6": 1,
  "US-8-IN-30-61c8533c": 1,
  "US-8-IN-30-621193dc": 1,
  "US-8-IN-30-6232d78a": 1,
  "US-8-IN-30-6272e8b1": 1,
  "US-8-IN-30-635d54af": 1,
  "US-8-IN-30-63a74afb": 1,
  "US-8-IN-30-643756fc": 1,
  "US-8-IN-30-644e4a7a": 1,
  "US-8-IN-30-6455cbcd": 1,
  "US-8-IN-30-68969ad2": 1,
  "US-8-IN-30-6951db2c": 1,
  "US-8-IN-30-69fed721": 1,
  "US-8-IN-30-6a4e55f6": 1,
  "US-8-IN-30-6a64c547": 1,
  "US-8-IN-30-6bcb435d": 1,
  "US-8-IN-30-6c31440e": 1,
  "US-8-IN-30-6c4aec93": 1,
  "US-8-IN-30-6c7df3a5": 1,
  "US-8-IN-30-6ca26b9e": 1,
  "US-8-IN-30-6d2089e6": 1,
  "US-8-IN-30-6dcfe063": 1,
  "US-8-IN-30-6e498fd7": 1,
  "US-8-IN-30-6f320cbe": 1,
  "US-8-IN-30-7138ed91": 1,
  "US-8-IN-30-71f58b19": 1,
  "US-8-IN-30-72152dce": 1,
  "US-8-IN-30-7269d92f": 1,
  "US-8-IN-30-73339a00": 1,
  "US-8-IN-30-751b817b": 1,
  "US-8-IN-30-75561753": 1,
  "US-8-IN-30-75b249e1": 1,
  "US-8-IN-30-75c8b1ac": 1,
  "US-8-IN-30-763c6fdc": 1,
  "US-8-IN-30-7710346e": 1,
  "US-8-IN-30-789f5746": 1,
  "US-8-IN-30-7a6721e3": 1,
  "US-8-IN-30-7b60cd8e": 1,
  "US-8-IN-30-7c0b1f73": 1,
  "US-8-IN-30-7cc62dcd": 1,
  "US-8-IN-30-7d4e61b9": 1,
  "US-8-IN-30-7d67caa8": 1,
  "US-8-IN-30-7d76c67f": 1,
  "US-8-IN-30-7e1a8c34": 1,
  "US-8-IN-30-7ef87823": 1,
  "US-8-IN-30-80e7793b": 1,
  "US-8-IN-30-810c75e2": 1,
  "US-8-IN-30-811f0ace": 1,
  "US-8-IN-30-820f6e35": 1,
  "US-8-IN-30-82ce5097": 1,
  "US-8-IN-30-83cb6b2b": 1,
  "US-8-IN-30-854ccf07": 1,
  "US-8-IN-30-861ec6f3": 1,
  "US-8-IN-30-86bce844": 1,
  "US-8-IN-30-87849525": 1,
  "US-8-IN-30-883c322f": 1,
  "US-8-IN-30-8a65d930": 1,
  "US-8-IN-30-8af3fab0": 1,
  "US-8-IN-30-8af54d63": 1,
  "US-8-IN-30-8b2687b1": 1,
  "US-8-IN-30-8b50922e": 1,
  "US-8-IN-30-8bb66c50": 1,
  "US-8-IN-30-8c972576": 1,
  "US-8-IN-30-8d8fe191": 1,
  "US-8-IN-30-8d9a4457": 1,
  "US-8-IN-30-8f481d5b": 1,
  "US-8-IN-30-8f86d34d": 1,
  "US-8-IN-30-914e4f44": 1,
  "US-8-IN-30-9306e24e": 1,
  "US-8-IN-30-933c92ea": 1,
  "US-8-IN-30-93559d41": 1,
  "US-8-IN-30-971c3b18": 1,
  "US-8-IN-30-971d4811": 1,
  "US-8-IN-30-97650b40": 1,
  "US-8-IN-30-98442047": 1,
  "US-8-IN-30-99bca9c6": 1,
  "US-8-IN-30-9b16310f": 1,
  "US-8-IN-30-9d495c69": 1,
  "US-8-IN-30-9ded5787": 1,
  "US-8-IN-30-9e20dc59": 1,
  "US-8-IN-30-HHS-2013-India-3000-75-13-0943": 1,
  "US-8-IN-30-HHS-2013-India-3001-75-13-0955": 1,
  "US-8-IN-30-HHS-2013-India-3001-75-1314-0955": 1,
  "US-8-IN-30-HHS-2013-India-3001-75-19-1216-1031-001": 1,
  "US-8-IN-30-HHS-2013-India-3001-75-19-1317-1031-001": 1,
  "US-8-IN-30-HHS-2013-India-3001-75-19-X-1031-001": 1,
  "US-8-IN-30-HHS-2013-India-3004-75-13-0951": 1,