{
  "US-GOV-14-IN-001087HA13": 1,
  "US-GOV-14-IN-001103HA13": 1,
  "US-GOV-14-IN-001132HA13": 1,
  "US-GOV-14-IN-001180HA13": 1,
  "US-GOV-14-IN-001fefa3": 1,
  "US-GOV-14-IN-002808HA13": 1,
  "US-GOV-14-IN-003043HA13": 1,
  "US-GOV-14-IN-0077a30c": 1,
  "US-GOV-14-IN-01136504": 1,
  "US-GOV-14-IN-01549b02": 1,
  "US-GOV-14-IN-0210bd0d": 1,
  "US-GOV-14-IN-0219ee36": 1,
  "US-GOV-14-IN-0462df9c": 1,
  "US-GOV-14-IN-0567be99": 1,
  "US-GOV-14-IN-069fa1d1": 1,
  "US-GOV-14-IN-07817ed8": 1,
  "US-GOV-14-IN-07ea2457": 1,
  "US-GOV-14-IN-08757efd": 1,
  "US-GOV-14-IN-09feb3e4": 1,
  "US-GOV-14-IN-0a3257c2": 1,
  "US-GOV-14-IN-0a86b4f6": 1,
  "US-GOV-14-IN-0b2c61a3": 1,
  "US-GOV-14-IN-0b2dc85f": 1,
  "US-GOV-14-IN-0b3ce302": 1,
  "US-GOV-14-IN-0c207855": 1,
  "US-GOV-14-IN-0cf908f5": 1,
  "US-GOV-14-IN-0d48587c": 1,
  "US-GOV-14-IN-0e290394": 1,
  "US-GOV-14-IN-0ea29bd1": 1,
  "US-GOV-14-IN-0f1cebaf": 1,
  "US-GOV-14-IN-1-U2G-GH001268-01": 1,
  "US-GOV-14-IN-10b1b8ac": 1,
  "US-GOV-14-IN-133dabce": 1,
  "US-GOV-14-IN-13b7c1d8": 1,
  "US-GOV-14-IN-14265d90": 1,
  "US-GOV-14-IN-167f69a1": 1,
  "US-GOV-14-IN-16U91HA06801IA": 1,
  "US-GOV-14-IN-16da8b1f": 1,
  "US-GOV-14-IN-1971e5b7": 1,
  "US-GOV-14-IN-1U2GGH001340": 1,
  "US-GOV-14-IN-1U2GGH001346": 1,
  "US-GOV-14-IN-1U2GGH001462": 1,
  "US-GOV-14-IN-1U2GGH001904": 1,
  "US-GOV-14-IN-1b0cd246": 1,
  "US-GOV-14-IN-1c53a4a7": 1,
  "US-GOV-14-IN-1c7c56ed": 1,
  "US-GOV-14-IN-1c933bf1": 1,
  "US-GOV-14-IN-1cc9eae8": 1,
  "US-GOV-14-IN-1ceedb35": 1,
  "US-GOV-14-IN-1d572092": 1,
  "US-GOV-14-IN-1d57722b": 1,
  "US-GOV-14-IN-1ef561e3": 1,
  "US-GOV-14-IN-1f3a64cb": 1,
  "US-GOV-14-IN-1fc6dbf9": 1,
  "US-GOV-14-IN-2.00201140946002E+15": 1,
  "US-GOV-14-IN-2.00201140946E+15": 1,
  "US-GOV-14-IN-201a0a51": 1,
  "US-GOV-14-IN-206f4eaf": 1,
  "US-GOV-14-IN-207ae4e7": 1,
  "US-GOV-14-IN-21e3e509": 1,
  "US-GOV-14-IN-223d2beb": 1,
  "US-GOV-14-IN-23dc7d53": 1,
  "US-GOV-14-IN-254dae1c": 1,
  "US-GOV-14-IN-2650a238": 1,
  "US-GOV-14-IN-268043e3": 1,
  "US-GOV-14-IN-26baaba4": 1,
  "US-GOV-14-IN-26f2bd37": 1,
  "US-GOV-14-IN-28223bf5": 1,
  "US-GOV-14-IN-28a4ae6e": 1,
  "US-GOV-14-IN-2960e623": 1,
  "US-GOV-14-IN-2b846d8b": 1,
  "US-GOV-14-IN-2bb9a119": 1,
  "US-GOV-14-IN-2bbf512e": 1,
  "US-GOV-14-IN-2c6419ef": 1,
  "US-GOV-14-IN-2cf984e5": 1,
  "US-GOV-14-IN-2e867b16": 1,
  "US-GOV-14-IN-3-U01-GH000066-05S1": 1,
  "US-GOV-14-IN-3-U01-GH001168-02S1": 1,
  "US-GOV-14-IN-3-U2G-GH001087-01S1": 1,
  "US-GOV-14-IN-3-U2G-GH001087-01S2": 1,
  "US-GOV-14-IN-3-U2G-GH001103-01S1": 1,
  "US-GOV-14-IN-3-U2G-GH001132-01S1": 1,
  "US-GOV-14-IN-3-U2G-GH001180-01S1": 1,
  "US-GOV-14-IN-3-U2G-PS001954-05S1": 1,
  "US-GOV-14-IN-3-U2G-PS001955-05S1": 1,
  "US-GOV-14-IN-3-U2G-PS002027-05S1": 1,
  "US-GOV-14-IN-3-U2G-PS003043-04S2": 1,
  "US-GOV-14-IN-32f6e128": 1,
  "US-GOV-14-IN-33af9103": 1,
  "US-GOV-14-IN-346f37db": 1,
  "US-GOV-14-IN-352e4065": 1,
  "US-GOV-14-IN-353d93e2": 1,
  "US-GOV-14-IN-36fa3d2f": 1,
  "US-GOV-14-IN-3727eeb9": 1,
  "US-GOV-14-IN-3768e4e6": 1,
  "US-GOV-14-IN-37f6845d": 1,
  "US-GOV-14-IN-38073d1a": 1,
  "US-GOV-14-IN-3U2GGH001087": 1,
  "US-GOV-14-IN-3bd9251b": 1,
  "US-GOV-14-IN-3dd33821": 1,
  "US-GOV-14-IN-3df0aa65": 1,
  "US-GOV-14-IN-4055bb70": 1,
  "US-GOV-14-IN-414fc845": 1,
  "US-GOV-14-IN-423a08b1": 1,
  "US-GOV-14-IN-42431601": 1,
  "US-GOV-14-IN-42a16a01": 1,
  "US-GOV-14-IN-42f81c97": 1,
  "US-GOV-14-IN-433f844f": 1,
  "US-GOV-14-IN-43ed4d2c": 1,
  "US-GOV-14-IN-4580b78f": 1,
  "US-GOV-14-IN-45902951": 1,
  "US-GOV-14-IN-45a9f45d": 1,
  "US-GOV-14-IN-4647fdd6": 1,
  "US-GOV-14-IN-47a6cc4d": 1,
  "US-GOV-14-IN-47cc6ab9": 1,
  "US-GOV-14-IN-49084014": 1,
  "US-GOV-14-IN-4b3cb239": 1,
  "US-GOV-14-IN-4b96debf": 1,
  "US-GOV-14-IN-4caf10d5": 1,
  "US-GOV-14-IN-4dc9964e": 1,
  "US-GOV-14-IN-4fda6915": 1,
  "US-GOV-14-IN-5-U01-GH001051-02": 1,
  "US-GOV-14-IN-5-U01-GH001168-02": 1,
  "US-GOV-14-IN-5-U01-IP000492-04": 1,
  "US-GOV-14-IN-5-U2G-GH001103-02": 1,
  "US-GOV-14-IN-5-U2G-GH001132-02": 1,
  "US-GOV-14-IN-5-U2G-PS002808-05": 1,
  "US-GOV-14-IN-5-U38-OT000203-02": 1,
  "US-GOV-14-IN-5083309b": 1,
  "US-GOV-14-IN-51897264": 1,
  "US-GOV-14-IN-51da4381": 1,
  "US-GOV-14-IN-5261e900": 1,
  "US-GOV-14-IN-52dd624d": 1,
  "US-GOV-14-IN-5376b150": 1,
  "US-GOV-14-IN-54a9ff30": 1,
  "US-GOV-14-IN-54e10ba8": 1,
  "US-GOV-14-IN-552c56c5": 1,
  "US-GOV-14-IN-55bb47f9": 1,
  "US-GOV-14-IN-577f99e2": 1,
  "US-GOV-14-IN-58346fdd": 1,
  "US-GOV-14-IN-59c294f6": 1,
  "US-GOV-14-IN-5U01GH001168": 1,
  "US-GOV-14-IN-5U01IP000492": 1,
  "US-GOV-14-IN-5U2GGH001103": 1,
  "US-GOV-14-IN-5U2GGH001132": 1,
  "US-GOV-14-IN-5U38OT000203": 1,
  "US-GOV-14-IN-5a00fc99": 1,
  "US-GOV-14-IN-5b75ac55": 1,
  "US-GOV-14-IN-5c3575d1": 1,
  "US-GOV-14-IN-5c9820b8": 1,
  "US-GOV-14-IN-5d17ce1a": 1,
  "US-GOV-14-IN-5d42e88a": 1,
  "US-GOV-14-IN-5d720a17": 1,
  "US-GOV-14-IN-5ebd432d": 1,
  "US-GOV-14-IN-5f52c61a": 1,
  "US-GOV-14-IN-5fd24b38": 1,
  "US-GOV-14-IN-60602d5b": 1,
  "US-GOV-14-IN-60d46cb6": 1,
  "US-GOV-14-IN-61c8533c": 1,
  "US-GOV-14-IN-621193dc": 1,
  "US-GOV-14-IN-6232d78a": 1,
  "US-GOV-14-IN-6272e8b1": 1,
  "US-GOV-14-IN-635d54af": 1,
  "US-GOV-14-IN-63a74afb": 1,
  "US-GOV-14-IN-643756fc": 1,
  "US-GOV-14-IN-644e4a7a": 1,
  "US-GOV-14-IN-6455cbcd": 1,
  "US-GOV-14-IN-68969ad2": 1,
  "US-GOV-14-IN-6951db2c": 1,
  "US-GOV-14-IN-69fed721": 1,
  "US-GOV-14-IN-6a4e55f6": 1,
  "US-GOV-14-IN-6a64c547": 1,
  "US-GOV-14-IN-6bcb435d": 1,
  "US-GOV-14-IN-6c31440e": 1,
  "US-GOV-14-IN-6c4aec93": 1,
  "US-GOV-14-IN-6c7df3a5": 1,
  "US-GOV-14-IN-6ca26b9e": 1,
  "US-GOV-14-IN-6d2089e6": 1,
  "US-GOV-14-IN-6dcfe063": 1,
  "US-GOV-14-IN-6e498fd7": 1,
  "US-GOV-14-IN-6f320cbe": 1,
  "US-GOV-14-IN-7138ed91": 1,
  "US-GOV-14-IN-71f58b19": 1,
  "US-GOV-14-IN-72152dce": 1,
  "US-GOV-14-IN-7269d92f": 1,
  "US-GOV-14-IN-73339a00": 1,
  "US-GOV-14-IN-751b817b": 1,
  "US-GOV-14-IN-75561753": 1,
  "US-GOV-14-IN-75b249e1": 1,
  "US-GOV-14-IN-75c8b1ac": 1,
  "US-GOV-14-IN-763c6fdc": 1,
  "US-GOV-14-IN-7710346e": 1,
  "US-GOV-14-IN-789f5746": 1,
  "US-GOV-14-IN-7a6721e3": 1,
  "US-GOV-14-IN-7b60cd8e": 1,
  "US-GOV-14-IN-7c0b1f73": 1,
  "US-GOV-14-IN-7cc62dcd": 1,
  "US-GOV-14-IN-7d4e61b9": 1,
  "US-GOV-14-IN-7d67caa8": 1,
  "US-GOV-14-IN-7d76c67f": 1,
  "US-GOV-14-IN-7e1a8c34": 1,
  "US-GOV-14-IN-7ef87823": 1,
  "US-GOV-14-IN-80e7793b": 1,
  "US-GOV-14-IN-810c75e2": 1,
  "US-GOV-14-IN-811f0ace": 1,
  "US-GOV-14-IN-820f6e35": 1,
  "US-GOV-14-IN-82ce5097": 1,
  "US-GOV-14-IN-83cb6b2b": 1,
  "US-GOV-14-IN-854ccf07": 1,
  "US-GOV-14-IN-861ec6f3": 1,
  "US-GOV-14-IN-86bce844": 1,
  "US-GOV-14-IN-87849525": 1,
  "US-GOV-14-IN-883c322f": 1,
  "US-GOV-14-IN-8a65d930": 1,
  "US-GOV-14-IN-8af3fab0": 1,
  "US-GOV-14-IN-8af54d63": 1,
  "US-GOV-14-IN-8b2687b1": 1,
  "US-GOV-14-IN-8b50922e": 1,
  "US-GOV-14-IN-8bb66c50": 1,
  "US-GOV-14-IN-8c972576": 1,
  "US-GOV-14-IN-8d8fe191": 1,
  "US-GOV-14-IN-8d9a4457": 1,
  "US-GOV-14-IN-8f481d5b": 1,
  "US-GOV-14-IN-8f86d34d": 1,
  "US-GOV-14-IN-914e4f44": 1,
  "US-GOV-14-IN-9306e24e": 1,
  "US-GOV-14-IN-933c92ea": 1,
  "US-GOV-14-IN-93559d41": 1,
  "US-GOV-14-IN-971c3b18": 1,
  "US-GOV-14-IN-971d4811": 1,
  "US-GOV-14-IN-97650b40": 1,
  "US-GOV-14-IN-98442047": 1,
  "US-GOV-14-IN-99bca9c6": 1,
  "US-GOV-14-IN-9b16310f": 1,
  "US-GOV-14-IN-9d495c69": 1,
  "US-GOV-14-IN-9ded5787": 1,
  "US-GOV-14-IN-9e20dc59": 1,
  "US-GOV-14-IN-HHS-2013-India-3000-75-13-0943": 1,
  "US-GOV-14-IN-HHS-2013-India-3001-75-13-0955": 1,
  "US-GOV-14-IN-HHS-2013-India-3001-75-1314-0955": 1,
  "US-GOV-14-IN-HHS-2013-India-3001-75-19-1216-1031-001": 1,
  "US-GOV-14-IN-HHS-2013-India-3001-75-19-1317-1031-001": 1,
  "US-GOV-14-IN-HHS-2013-India-3001-75-19-X-1031-001": 1,
  "US-GOV-14-IN-HHS-2013-India-3004-75-13-0951": 1,
  "US-GOV-14-IN-HHS-2013-India-3004-75-13-0955": 1,
  "US-GOV-14-IN-HHS-2013-India-3005-75-13-0955": 1,
  "US-GOV-14-IN-U91HA06801B0": 1,
  "US-GOV-14-IN-UGH000066A": 1,
  "US-GOV-14-IN-UGH001051A": 1,