{
  "NL-KVK-4115988": {
    "pcf-org2019": 1
  },
  "NL-KVK-4115988-CER.2019.13809": {
    "pcf-org2019": 1
  },
  "NL-KVK-4115988-CER.2019.13851": {
    "pcf-org2019": 1
  },
  "NL-KVK-4115988-CER.2019.13914": {
    "pcf-org2019": 1
  },
  "NL-KVK-4115988-CER1.2019.07123": {
    "pcf-org2019": 1
  },
  "NL-KVK-4115988-CER1.2019.13683": {
    "pcf-org2019": 1
  },
  "NL-KVK-4115988-CER1.2019.13861": {
    "pcf-org2019": 1
  },
  "NL-KVK-4115988-CER1.2019.13867": {
    "pcf-org2019": 1
  },
  "NL-KVK-4115988-CER1.2019.13868": {
    "pcf-org2019": 1
  },
  "NL-KVK-4115988-CER1.2019.13946": {
    "pcf-org2019": 1
  },
  "NL-KVK-4115988-CER1.2019.13950": {
    "pcf-org2019": 1
  },
  "NL-KVK-4115988-CER2.2019-11": {
    "pcf-org2019": 1
  },
  "NL-KVK-4115988-CER2.2019.02": {
    "pcf-org2019": 1
  },
  "NL-KVK-4115988-CER2.2019.07": {
    "pcf-org2019": 1
  },
  "NL-KVK-4115988-CER2.2019.08": {
    "pcf-org2019": 1
  },
  "NL-KVK-4115988-CER2.2019.13803": {
    "pcf-org2019": 1
  },
  "NL-KVK-4115988-CER2.2019.13876": {
    "pcf-org2019": 1
  },
  "NL-KVK-4115988-CER2.2019.13877": {
    "pcf-org2019": 1
  },
  "NL-KVK-4115988-N.2017.06468": {
    "pcf-org2019": 1
  },
  "NL-KVK-4115988-N.2017.06482": {
    "pcf-org2019": 1
  },
  "NL-KVK-4115988-N.2018.06910": {
    "pcf-org2019": 1
  },
  "NL-KVK-4115988-N.2019.13805": {
    "pcf-org2019": 1
  },
  "NL-KVK-4115988-N.2019.13820": {
    "pcf-org2019": 1
  },
  "NL-KVK-4115988-NG.2019.13682": {
    "pcf-org2019": 1
  },
  "NL-KVK-4115988-NG.2019.13689": {
    "pcf-org2019": 1
  },
  "NL-KVK-4115988-NG.2019.13691": {
    "pcf-org2019": 1
  },
  "NL-KVK-4115988-NG.2019.13692": {
    "pcf-org2019": 1
  },
  "NL-KVK-4115988-NG.2019.13694": {
    "pcf-org2019": 1
  },
  "NL-KVK-4115988-NG.2019.13707": {
    "pcf-org2019": 1
  },
  "NL-KVK-4115988-NG.2019.13708": {
    "pcf-org2019": 1
  },
  "NL-KVK-4115988-NG.2019.13709": {
    "pcf-org2019": 1
  },
  "NL-KVK-4115988-NG.2019.13710": {
    "pcf-org2019": 1
  },
  "NL-KVK-4115988-NG.2019.13711": {
    "pcf-org2019": 1
  },
  "NL-KVK-4115988-NG.2019.13712": {
    "pcf-org2019": 1
  },
  "NL-KVK-4115988-NG.2019.13713": {
    "pcf-org2019": 1
  },
  "NL-KVK-4115988-NG.2019.13714": {
    "pcf-org2019": 1
  },
  "NL-KVK-4115988-NG.2019.13715": {
    "pcf-org2019": 1
  },
  "NL-KVK-4115988-NG.2019.13716": {
    "pcf-org2019": 1
  },
  "NL-KVK-4115988-NG.2019.13718": {
    "pcf-org2019": 1
  },
  "NL-KVK-4115988-NG.2019.13719": {
    "pcf-org2019": 1
  },
  "NL-KVK-4115988-NG.2019.13721": {
    "pcf-org2019": 1
  },
  "NL-KVK-4115988-NG.2019.13722": {
    "pcf-org2019": 1
  },
  "NL-KVK-4115988-NG.2019.13730": {
    "pcf-org2019": 1
  },
  "NL-KVK-4115988-NG.2019.13733": {
    "pcf-org2019": 1
  },
  "NL-KVK-4115988-NG.2019.13735": {
    "pcf-org2019": 1
  },
  "NL-KVK-4115988-NGP.2018.06850": {
    "pcf-org2019": 1
  },
  "NL-KVK-4115988-NGP.2018.06852": {
    "pcf-org2019": 1
  },
  "NL-KVK-4115988-NGP.2018.06853": {
    "pcf-org2019": 1
  },
  "NL-KVK-4115988-NGP.2018.06854": {
    "pcf-org2019": 1
  },
  "NL-KVK-4115988-NGP.2018.06855": {
    "pcf-org2019": 1
  },
  "NL-KVK-4115988-NGP.2018.06856": {
    "pcf-org2019": 1
  },
  "NL-KVK-4115988-NGP.2018.06857": {
    "pcf-org2019": 1
  },
  "NL-KVK-4115988-NGP.2018.06858": {
    "pcf-org2019": 1
  },
  "NL-KVK-4115988-NGP.2018.06859": {
    "pcf-org2019": 1
  },
  "NL-KVK-4115988-NGP.2018.06860": {
    "pcf-org2019": 1
  },
  "NL-KVK-4115988-NGP.2018.06914": {
    "pcf-org2019": 1
  },
  "NL-KVK-4115988-NGP.2018.13688": {
    "pcf-org2019": 1
  },
  "NL-KVK-4115988-NL-KVK-4115988": {
    "pcf-org2019": 1
  },
  "NL-KVK-4115988-SC1.2019.13821": {
    "pcf-org2019": 1
  },
  "NL-KVK-4115988-SC1.2019.13822": {
    "pcf-org2019": 1
  },
  "NL-KVK-4115988-SC1.2019.13826": {
    "pcf-org2019": 1
  },
  "NL-KVK-4115988-SC1.2019.13827": {
    "pcf-org2019": 1
  },
  "NL-KVK-4115988-SC1.2019.13828": {
    "pcf-org2019": 1
  },
  "NL-KVK-4115988-SC1.2019.13829": {
    "pcf-org2019": 1
  },
  "NL-KVK-4115988-SC1.2019.13835": {
    "pcf-org2019": 1
  },
  "NL-KVK-4115988-SC1.2019.13836": {
    "pcf-org2019": 1
  },
  "NL-KVK-4115988-SC1.2019.13837": {
    "pcf-org2019": 1
  },
  "NL-KVK-4115988-SC1.2019.13857": {
    "pcf-org2019": 1
  },
  "NL-KVK-4115988-SC1.2019.13858": {
    "pcf-org2019": 1
  },
  "NL-KVK-4115988-SC1.2019.13859": {
    "pcf-org2019": 1
  },
  "NL-KVK-4115988-SC1.2019.13899": {
    "pcf-org2019": 1
  },
  "NL-KVK-4115988-SC1.2019.13901": {
    "pcf-org2019": 1
  },
  "NL-KVK-4115988-SC1.2019.13902": {
    "pcf-org2019": 1
  },
  "NL-KVK-4115988.CER2.2019.05": {
    "pcf-org2019": 1
  },
  "NL-KVK-4115988.N.2018.06911": {
    "pcf-org2019": 1
  },
  "NL-KVK-4115988.SC1.2019.13825": {
    "pcf-org2019": 1
  },
  "NL-KVK-SC1.2019.13856": {
    "pcf-org2019": 1
  },
  "NL-LVL-4115988-SC1.2019.13830": {
    "pcf-org2019": 1
  },
  "NL_KVL-4115988-NG.2019.13717": {
    "pcf-org2019": 1
  },
  "`NL-KVK-4115988-NGP.2019.07105": {
    "pcf-org2019": 1
  }
}