{
  "US-11-CD-10": 1,
  "US-11-CD-10-S-INLEC-11-CA-0047": 1,
  "US-11-CD-10-S-INLEC-11-CA-0051": 1,
  "US-11-CD-10-SINLEC11CA0047": 1,
  "US-11-CD-10-SINLEC11CA0051": 1,
  "US-11-CD-10-SINLEC13L0020": 1,
  "US-11-CD-10-SINLEC14L0055": 1,
  "US-11-CD-10-SINLEC14L0055-0-1": 1,
  "US-11-CD-10-SINLEC16L0032": 1,
  "US-11-CD-20": 1,
  "US-11-CD-20-2071215C02": 1,
  "US-11-CD-20-SINLEC11CA0047": 1,
  "US-11-CD-80": 1,
  "US-11-CD-80-2071450818": 1,
  "US-11-CD-80-SINLEC14L0055-0-2": 1,
  "US-13-CD-50": 1,
  "US-13-CD-50-4185": 1,
  "US-13-CD-50-4187": 1,
  "US-13-CD-50-4188": 1,
  "US-13-CD-50-4540": 1,
  "US-13-CD-50-4579": 1,
  "US-13-CD-50-4591": 1,
  "US-7-CD-10": 1,
  "US-7-CD-10-1c35f103": 1,
  "US-7-CD-10-6a3a374b": 1,
  "US-7-CD-10-84abf33b": 1,
  "US-7-CD-10-be794bd6": 1,
  "US-7-CD-10-be824351": 1,
  "US-7-CD-30": 1,
  "US-7-CD-30-06f814b8": 1,
  "US-7-CD-30-KE-HAMC-2014-00026587": 1,
  "US-7-CD-30-c1c53bf1": 1,
  "US-7-CD-30-fe4335f1": 1,
  "US-7-CD-70": 1,
  "US-7-CD-70-0f13a388": 1,
  "US-7-CD-70-CF-HMA-2014-00024442": 1,
  "US-7-CD-70-RP-HA-2014-00024582": 1,
  "US-8-CD-30": 1,
  "US-8-CD-30-000495HA13": 1,
  "US-8-CD-30-000532HA13": 1,
  "US-8-CD-30-001042HA13": 1,
  "US-8-CD-30-001526HA13": 1,
  "US-8-CD-30-002086HA13": 1,
  "US-8-CD-30-002752HA13": 1,
  "US-8-CD-30-002753HA13": 1,
  "US-8-CD-30-003a2b60": 1,
  "US-8-CD-30-01ea9561": 1,
  "US-8-CD-30-0306d466": 1,
  "US-8-CD-30-03105db2": 1,
  "US-8-CD-30-0326f5c5": 1,
  "US-8-CD-30-039e9043": 1,
  "US-8-CD-30-03e7f05e": 1,
  "US-8-CD-30-0457f5ab": 1,
  "US-8-CD-30-0886b218": 1,
  "US-8-CD-30-099de1d0": 1,
  "US-8-CD-30-09fae1cd": 1,
  "US-8-CD-30-0b2446bc": 1,
  "US-8-CD-30-0b6104ae": 1,
  "US-8-CD-30-0cedb222": 1,
  "US-8-CD-30-0f0ed511": 1,
  "US-8-CD-30-0f1d5887": 1,
  "US-8-CD-30-0fc65a96": 1,
  "US-8-CD-30-1-U2G-GH001084-01": 1,
  "US-8-CD-30-1116b8eb": 1,
  "US-8-CD-30-11a59826": 1,
  "US-8-CD-30-12156d15": 1,
  "US-8-CD-30-1267643b": 1,
  "US-8-CD-30-132795da": 1,
  "US-8-CD-30-13a9192b": 1,
  "US-8-CD-30-13b6db41": 1,
  "US-8-CD-30-14f7908d": 1,
  "US-8-CD-30-15974b10": 1,
  "US-8-CD-30-18303996": 1,
  "US-8-CD-30-18c7228f": 1,
  "US-8-CD-30-1U2GGH001351": 1,
  "US-8-CD-30-1b131ad0": 1,
  "US-8-CD-30-1d344fdc": 1,
  "US-8-CD-30-1e64f0f4": 1,
  "US-8-CD-30-1e6a7e6f": 1,
  "US-8-CD-30-1ed6e0d2": 1,
  "US-8-CD-30-1ef283df": 1,
  "US-8-CD-30-2.00201140946E+15": 1,
  "US-8-CD-30-2.00201354873E+15": 1,
  "US-8-CD-30-2153c4d8": 1,
  "US-8-CD-30-23307503": 1,
  "US-8-CD-30-236128c2": 1,
  "US-8-CD-30-23a6bd62": 1,
  "US-8-CD-30-23df2272": 1,
  "US-8-CD-30-256b4ebe": 1,
  "US-8-CD-30-26a7ca34": 1,
  "US-8-CD-30-271d99ed": 1,
  "US-8-CD-30-2781aacb": 1,
  "US-8-CD-30-27aaf097": 1,
  "US-8-CD-30-28b93028": 1,
  "US-8-CD-30-290b63fd": 1,
  "US-8-CD-30-29be85d6": 1,
  "US-8-CD-30-2aea583a": 1,
  "US-8-CD-30-2b31f8c5": 1,
  "US-8-CD-30-2bf8e54e": 1,
  "US-8-CD-30-2c1984f7": 1,
  "US-8-CD-30-2d39fb7a": 1,
  "US-8-CD-30-2e6d51c4": 1,
  "US-8-CD-30-2f021087": 1,
  "US-8-CD-30-2f0ab909": 1,
  "US-8-CD-30-2fa61a3b": 1,
  "US-8-CD-30-3-U2G-GH000495-03S1": 1,
  "US-8-CD-30-3-U2G-GH000532-04S1": 1,
  "US-8-CD-30-3-U2G-GH001042-01S1": 1,
  "US-8-CD-30-3-U2G-GH001084-01S1": 1,
  "US-8-CD-30-3-U2G-GH001097-01S1": 1,
  "US-8-CD-30-3-U2G-PS001526-05S1": 1,
  "US-8-CD-30-3-U2G-PS001526-05S2": 1,
  "US-8-CD-30-3-U2G-PS001799-05S1": 1,
  "US-8-CD-30-3-U2G-PS001947-05S1": 1,
  "US-8-CD-30-3-U2G-PS002086-05S1": 1,
  "US-8-CD-30-3-U2G-PS002752-04S1": 1,
  "US-8-CD-30-3-U2R-GH000046-04S2": 1,
  "US-8-CD-30-30cb5067": 1,
  "US-8-CD-30-30e5302c": 1,
  "US-8-CD-30-326a4f1e": 1,
  "US-8-CD-30-32f101a1": 1,
  "US-8-CD-30-33532739": 1,
  "US-8-CD-30-33d3bd71": 1,
  "US-8-CD-30-35007000": 1,
  "US-8-CD-30-3514a788": 1,
  "US-8-CD-30-354e398f": 1,
  "US-8-CD-30-3735767e": 1,
  "US-8-CD-30-387ff25c": 1,
  "US-8-CD-30-398b8aa9": 1,
  "US-8-CD-30-399ca276": 1,
  "US-8-CD-30-3U2GGH001042": 1,
  "US-8-CD-30-3U2GGH001084": 1,
  "US-8-CD-30-3U2GGH001097": 1,
  "US-8-CD-30-3U2GPS001526": 1,
  "US-8-CD-30-3a04b05c": 1,
  "US-8-CD-30-3a1c12e4": 1,
  "US-8-CD-30-3a9c186a": 1,
  "US-8-CD-30-3b22c971": 1,
  "US-8-CD-30-3ba2fe7b": 1,
  "US-8-CD-30-3bafc138": 1,
  "US-8-CD-30-3ee68d5a": 1,
  "US-8-CD-30-3fb313df": 1,
  "US-8-CD-30-40d6e0bc": 1,
  "US-8-CD-30-417d12a4": 1,
  "US-8-CD-30-41a95071": 1,
  "US-8-CD-30-425f6caf": 1,
  "US-8-CD-30-42feda6e": 1,
  "US-8-CD-30-43c118c6": 1,
  "US-8-CD-30-43cac62d": 1,
  "US-8-CD-30-44721c62": 1,
  "US-8-CD-30-462f82fb": 1,
  "US-8-CD-30-4647c3eb": 1,
  "US-8-CD-30-46a0a7c6": 1,
  "US-8-CD-30-49936f4d": 1,
  "US-8-CD-30-4bfb8a43": 1,
  "US-8-CD-30-5-U2G-GH000495-04": 1,
  "US-8-CD-30-5-U2G-GH000532-04": 1,
  "US-8-CD-30-5-U2G-GH001116-02": 1,
  "US-8-CD-30-5-U2G-PS001485-05": 1,
  "US-8-CD-30-5-U2G-PS002753-05": 1,
  "US-8-CD-30-509f4404": 1,
  "US-8-CD-30-51033774": 1,
  "US-8-CD-30-5154e4b1": 1,
  "US-8-CD-30-51b44662": 1,
  "US-8-CD-30-51dc92a0": 1,
  "US-8-CD-30-52491d60": 1,
  "US-8-CD-30-5299268f": 1,
  "US-8-CD-30-533577df": 1,
  "US-8-CD-30-538ebd6a": 1,
  "US-8-CD-30-54463cd7": 1,
  "US-8-CD-30-54f4365e": 1,
  "US-8-CD-30-564ee2f7": 1,
  "US-8-CD-30-57d52903": 1,
  "US-8-CD-30-57fe5073": 1,
  "US-8-CD-30-59a212b4": 1,
  "US-8-CD-30-5U2GGH000532": 1,
  "US-8-CD-30-5U2GGH001116": 1,
  "US-8-CD-30-5c011812": 1,
  "US-8-CD-30-5c4a5cda": 1,
  "US-8-CD-30-5cd0a95c": 1,
  "US-8-CD-30-5d1c20de": 1,
  "US-8-CD-30-60280817": 1,
  "US-8-CD-30-606d7bc0": 1,
  "US-8-CD-30-612a0597": 1,
  "US-8-CD-30-6134503c": 1,
  "US-8-CD-30-61ff2436": 1,
  "US-8-CD-30-62cbffde": 1,
  "US-8-CD-30-63626e88": 1,
  "US-8-CD-30-63b18af2": 1,
  "US-8-CD-30-63ba8ef0": 1,
  "US-8-CD-30-63caab5c": 1,
  "US-8-CD-30-6629dd2b": 1,
  "US-8-CD-30-67300071": 1,
  "US-8-CD-30-679ddd3b": 1,
  "US-8-CD-30-67fc7fcd": 1,
  "US-8-CD-30-69f125d0": 1,
  "US-8-CD-30-6a2f9c30": 1,
  "US-8-CD-30-6a55a94e": 1,
  "US-8-CD-30-6b4837d7": 1,
  "US-8-CD-30-6b545218": 1,
  "US-8-CD-30-6be3fd18": 1,
  "US-8-CD-30-6c0ce7f7": 1,
  "US-8-CD-30-6cb6e7f8": 1,
  "US-8-CD-30-6ea750a9": 1,
  "US-8-CD-30-703945a9": 1,
  "US-8-CD-30-714b0480": 1,
  "US-8-CD-30-73345776": 1,
  "US-8-CD-30-7334c773": 1,
  "US-8-CD-30-73f4eb75": 1,
  "US-8-CD-30-75105427": 1,
  "US-8-CD-30-76b25299": 1,
  "US-8-CD-30-77fb02e0": 1,
  "US-8-CD-30-78ee0123": 1,
  "US-8-CD-30-799c5914": 1,
  "US-8-CD-30-79d47156": 1,
  "US-8-CD-30-7ae6843f": 1,
  "US-8-CD-30-7ae9876b": 1,
  "US-8-CD-30-7da20519": 1,
  "US-8-CD-30-7dbdc422": 1,
  "US-8-CD-30-7ea9e282": 1,
  "US-8-CD-30-81c2f119": 1,
  "US-8-CD-30-82a45839": 1,
  "US-8-CD-30-82aa004c": 1,
  "US-8-CD-30-84f2ad50": 1,
  "US-8-CD-30-89e8d27b": 1,
  "US-8-CD-30-8b2fb11b": 1,
  "US-8-CD-30-8b3a627d": 1,
  "US-8-CD-30-8b7d434f": 1,
  "US-8-CD-30-8bbf302a": 1,
  "US-8-CD-30-8c9404d5": 1,
  "US-8-CD-30-8d863bd4": 1,
  "US-8-CD-30-8e2b0cf9": 1,
  "US-8-CD-30-8e763c1d": 1,
  "US-8-CD-30-8eb107dc": 1,
  "US-8-CD-30-90dda3ef": 1,
  "US-8-CD-30-91ddd9af": 1,
  "US-8-CD-30-920842fc": 1,
  "US-8-CD-30-92649d36": 1,
  "US-8-CD-30-92b6c3ea": 1,
  "US-8-CD-30-932d49a1": 1,
  "US-8-CD-30-93de4d86": 1,
  "US-8-CD-30-9446ef09": 1,
  "US-8-CD-30-94c43815": 1,
  "US-8-CD-30-94d55a25": 1,
  "US-8-CD-30-9687ac61": 1,
  "US-8-CD-30-96d3a1f2": 1,
  "US-8-CD-30-977cc975": 1,
  "US-8-CD-30-977e9067": 1,
  "US-8-CD-30-9857cd74": 1,
  "US-8-CD-30-991ea2a4": 1,
  "US-8-CD-30-996f6a32": 1,
  "US-8-CD-30-99dd0da1": 1,
  "US-8-CD-30-9a15bc73": 1,
  "US-8-CD-30-9a588829": 1,
  "US-8-CD-30-9d00962b": 1,
  "US-8-CD-30-9de8f6a0": 1,
  "US-8-CD-30-9dff75dd": 1,