{
  "US-11-PK-10": 1,
  "US-11-PK-10-1001": 1,
  "US-11-PK-10-1003": 1,
  "US-11-PK-10-1004": 1,
  "US-11-PK-10-SAQMMA11L0709-0-2": 1,
  "US-11-PK-10-SAQMMA13F2643": 1,
  "US-11-PK-10-SAQMMA14F3126": 1,
  "US-11-PK-10-SAQMMA14F3126-0-2": 1,
  "US-11-PK-10-SAQMMA15F2545": 1,
  "US-11-PK-10-SAQMMA15F3637-0-1": 1,
  "US-11-PK-10-SAQMPD05C1103": 1,
  "US-11-PK-10-SGE50015M0033": 1,
  "US-11-PK-10-SGE50015M0193": 1,
  "US-11-PK-10-SGE50015M0243": 1,
  "US-11-PK-10-SGE50016M0029": 1,
  "US-11-PK-10-SINLEC14L0214": 1,
  "US-11-PK-10-SINLEC15F0035": 1,
  "US-11-PK-10-SINLEC15L0012": 1,
  "US-11-PK-10-SINLEC15L0038": 1,
  "US-11-PK-10-SINLEC15M0031": 1,
  "US-11-PK-20-2001": 1,
  "US-11-PK-50-5002": 1,
  "US-11-PK-50-5005": 1,
  "US-11-PK-70-7002": 1,
  "US-11-PK-80": 1,
  "US-11-PK-80-SAQMMA14F2610": 1,
  "US-11-PK-90": 1,
  "US-11-PK-90-9000": 1,
  "US-11-PK-90-SAQMPD05C1103": 1,
  "US-11-PK-90-SGE50012C0092": 1,
  "US-2-PK-30": 1,
  "US-2-PK-30-FFE-391-2010/018": 1,
  "US-2-PK-40": 1,
  "US-2-PK-40-FFE-391-2010/018-00": 1,
  "US-2-PK-50": 1,
  "US-2-PK-50-FCC-391-2010/032": 1,
  "US-7-PK-10": 1,
  "US-7-PK-10-0addff25": 1,
  "US-7-PK-10-1529f136": 1,
  "US-7-PK-10-421bbebb": 1,
  "US-7-PK-10-5df18244": 1,
  "US-7-PK-10-7d5725ac": 1,
  "US-7-PK-10-7e68929b": 1,
  "US-7-PK-10-b2335027": 1,
  "US-7-PK-10-ccd609bb": 1,
  "US-7-PK-10-d035e677": 1,
  "US-7-PK-10-f126630d": 1,
  "US-7-PK-10-fae5dd41": 1,
  "US-7-PK-30": 1,
  "US-7-PK-30-52a4dab7": 1,
  "US-7-PK-70": 1,
  "US-7-PK-70-3548a1a3": 1,
  "US-7-PK-70-fb6a4cc1": 1,
  "US-8-PK-30": 1,
  "US-8-PK-30-071cc55c": 1,
  "US-8-PK-30-2.00201037208E+15": 1,
  "US-8-PK-30-2.00201140946E+15": 1,
  "US-8-PK-30-20c138f2": 1,
  "US-8-PK-30-5-U2R-GH000047-05": 1,
  "US-8-PK-30-5-U2R-GH000070-05": 1,
  "US-8-PK-30-5-U2R-GH000573-04": 1,
  "US-8-PK-30-5ce6137a": 1,
  "US-8-PK-30-65e64117": 1,
  "US-8-PK-30-9262fbc5": 1,
  "US-8-PK-30-UGH000047A": 1,
  "US-8-PK-30-UOE000002A": 1,
  "US-8-PK-30-e143a061": 1,
  "US-8-PK-30-e69cb4a2": 1,
  "US-8-PK-30-fcb825b8": 1
}