{
  "US-GOV-11-PK-SAQMMA11L0709-0-2": 1,
  "US-GOV-11-PK-SAQMMA13F2643": 1,
  "US-GOV-11-PK-SAQMMA14F2610": 1,
  "US-GOV-11-PK-SAQMMA14F3126": 1,
  "US-GOV-11-PK-SAQMMA14F3126-0-2": 1,
  "US-GOV-11-PK-SAQMMA15F2545": 1,
  "US-GOV-11-PK-SAQMMA15F3637-0-1": 1,
  "US-GOV-11-PK-SAQMPD05C1103": 1,
  "US-GOV-11-PK-SGE50012C0092": 1,
  "US-GOV-11-PK-SGE50015M0033": 1,
  "US-GOV-11-PK-SGE50015M0193": 1,
  "US-GOV-11-PK-SGE50015M0243": 1,
  "US-GOV-11-PK-SGE50016M0029": 1,
  "US-GOV-11-PK-SINLEC14L0214": 1,
  "US-GOV-11-PK-SINLEC15F0035": 1,
  "US-GOV-11-PK-SINLEC15L0012": 1,
  "US-GOV-11-PK-SINLEC15L0038": 1,
  "US-GOV-11-PK-SINLEC15M0031": 1,
  "US-GOV-14-PK-071cc55c": 1,
  "US-GOV-14-PK-2.00201037208E+15": 1,
  "US-GOV-14-PK-2.00201140946E+15": 1,
  "US-GOV-14-PK-20c138f2": 1,
  "US-GOV-14-PK-5-U2R-GH000047-05": 1,
  "US-GOV-14-PK-5-U2R-GH000070-05": 1,
  "US-GOV-14-PK-5-U2R-GH000573-04": 1,
  "US-GOV-14-PK-5ce6137a": 1,
  "US-GOV-14-PK-65e64117": 1,
  "US-GOV-14-PK-9262fbc5": 1,
  "US-GOV-14-PK-UGH000047A": 1,
  "US-GOV-14-PK-UOE000002A": 1,
  "US-GOV-14-PK-e143a061": 1,
  "US-GOV-14-PK-e69cb4a2": 1,
  "US-GOV-14-PK-fcb825b8": 1,
  "US-GOV-15-PK-017003": 1,
  "US-GOV-15-PK-017011": 1,
  "US-GOV-15-PK-111028b": 1,
  "US-GOV-15-PK-111038": 1,
  "US-GOV-15-PK-111074": 1,
  "US-GOV-15-PK-111085": 1,
  "US-GOV-15-PK-117001": 1,
  "US-GOV-15-PK-14R322": 1,
  "US-GOV-15-PK-1F2014": 1,
  "US-GOV-15-PK-1F5260": 1,
  "US-GOV-15-PK-1F5264": 1,
  "US-GOV-15-PK-211001": 1,
  "US-GOV-15-PK-2F1031": 1,
  "US-GOV-15-PK-707001": 1,
  "US-GOV-15-PK-707021": 1,
  "US-GOV-15-PK-7A5002": 1,
  "US-GOV-15-PK-811001": 1,
  "US-GOV-15-PK-811023": 1,
  "US-GOV-15-PK-917001": 1,
  "US-GOV-15-PK-966203": 1,
  "US-GOV-15-PK-X362I.111028a": 1,
  "US-GOV-15-PK-X382.2F1031": 1,
  "US-GOV-15-PK-X387I.111028b": 1,
  "US-GOV-15-PK-X398.117001": 1,
  "US-GOV-15-PK-X421I.111074": 1,
  "US-GOV-15-PK-X429I.111085": 1,
  "US-GOV-15-PK-X429I.211001": 1,
  "US-GOV-15-PK-X466I.111038": 1,
  "US-GOV-15-PK-X518I.118035": 1,
  "US-GOV-15-PK-X518I.211011": 1,
  "US-GOV-15-PK-X548.317001": 1,
  "US-GOV-15-PK-X598.6F6055": 1,
  "US-GOV-15-PK-X598.6F6056": 1,
  "US-GOV-19-PK-PKP15B": 1,
  "US-GOV-19-PK-PKP15I": 1,
  "US-GOV-19-PK-RA4006INV": 1,
  "US-GOV-19-PK-RA6006INV": 1,
  "US-GOV-19-PK-RA7015CPI": 1,
  "US-GOV-2-PK-2556": 1,
  "US-GOV-2-PK-2590": 1,
  "US-GOV-2-PK-2608": 1,
  "US-GOV-2-PK-2632": 1,
  "US-GOV-2-PK-2725": 1,
  "US-GOV-2-PK-58-0210-1-183-(A3)": 1,
  "US-GOV-2-PK-FCC-391-2010/032": 1,
  "US-GOV-2-PK-FCC-391-2010/032-00-A": 1,
  "US-GOV-2-PK-FCC-391-2016-003-00": 1,
  "US-GOV-2-PK-FFE-391-2010-018-00": 1,
  "US-GOV-2-PK-FFE-391-2010/018": 1,
  "US-GOV-2-PK-FFE-391-2010/018-00": 1,
  "US-GOV-20-PK-DE-AC04-94AL85000": 1,
  "US-GOV-20-PK-DE-AC04-94AL85000-(SNL)": 1,
  "US-GOV-20-PK-DOEINECP05-13PK001-000": 1,
  "US-GOV-20-PK-DOEINECP05-14PK001-000": 1,
  "US-GOV-20-PK-DOEINECP06-14PK001-000": 1,
  "US-GOV-22-PK-9000003812": 1,
  "US-GOV-22-PK-9000003839": 1,
  "US-GOV-22-PK-9000031264": 1,
  "US-GOV-7-PK-0addff25": 1,
  "US-GOV-7-PK-1529f136": 1,
  "US-GOV-7-PK-3548a1a3": 1,
  "US-GOV-7-PK-421bbebb": 1,
  "US-GOV-7-PK-52a4dab7": 1,
  "US-GOV-7-PK-5df18244": 1,
  "US-GOV-7-PK-7d5725ac": 1,
  "US-GOV-7-PK-7e68929b": 1,
  "US-GOV-7-PK-ICDP---49": 1,
  "US-GOV-7-PK-USAFA---14": 1,
  "US-GOV-7-PK-USMA---26": 1,
  "US-GOV-7-PK-USMA---31": 1,
  "US-GOV-7-PK-USMA---42": 1,
  "US-GOV-7-PK-USMA--16": 1,
  "US-GOV-7-PK-USNA---10": 1,
  "US-GOV-7-PK-b2335027": 1,
  "US-GOV-7-PK-ccd609bb": 1,
  "US-GOV-7-PK-d035e677": 1,
  "US-GOV-7-PK-f126630d": 1,
  "US-GOV-7-PK-fae5dd41": 1,
  "US-GOV-7-PK-fb6a4cc1": 1
}