{
  "US-GOV-11-689-1010304155": 1,
  "US-GOV-11-689-1010304196": 1,
  "US-GOV-11-689-1010304198": 1,
  "US-GOV-11-689-1010402568": 1,
  "US-GOV-11-689-1010404101": 1,
  "US-GOV-11-689-1010404190": 1,
  "US-GOV-11-689-S-LMAQM-10-GR-0069": 1,
  "US-GOV-11-689-S-LMAQM-12-GR-1266": 1,
  "US-GOV-11-689-S-LMAQM-13-GR-1190": 1,
  "US-GOV-11-689-SAQMMA13F0460": 1,
  "US-GOV-11-689-SAQMMA14F2797": 1,
  "US-GOV-11-689-SAQMMA14F2801": 1,
  "US-GOV-11-689-SLMAQM10GR0069": 1,
  "US-GOV-11-689-SLMAQM12GR1266": 1,
  "US-GOV-11-689-SLMAQM13GR1190": 1,
  "US-GOV-11-689-SLMAQM14GR0033": 1,
  "US-GOV-14-689-15U1NHA08599": 1,
  "US-GOV-14-689-16U91HA06801IA": 1,
  "US-GOV-15-689-103819": 1,
  "US-GOV-15-689-124852": 1,
  "US-GOV-15-689-14R339": 1,
  "US-GOV-15-689-2F5133": 1,
  "US-GOV-15-689-2F5139": 1,
  "US-GOV-15-689-2F5141": 1,
  "US-GOV-15-689-303311": 1,
  "US-GOV-15-689-303313": 1,
  "US-GOV-15-689-303314": 1,
  "US-GOV-15-689-313R08a": 1,
  "US-GOV-15-689-4F7113": 1,
  "US-GOV-15-689-4F8503": 1,
  "US-GOV-15-689-903033": 1,
  "US-GOV-15-689-903038": 1,
  "US-GOV-15-689-903A37": 1,
  "US-GOV-15-689-903A44": 1,
  "US-GOV-15-689-X362.203214": 1,
  "US-GOV-15-689-X365I.2F5141": 1,
  "US-GOV-15-689-X379.2F5139": 1,
  "US-GOV-15-689-X392.2F5133": 1,
  "US-GOV-15-689-X402.2F5135": 1,
  "US-GOV-15-689-X415.303311": 1,
  "US-GOV-15-689-X415.303313": 1,
  "US-GOV-15-689-X415.303314": 1,
  "US-GOV-15-689-X421.P3CB22": 1,
  "US-GOV-15-689-X422.PCTP11": 1,
  "US-GOV-15-689-X438I.4F7113": 1,
  "US-GOV-15-689-X439.3F7107": 1,
  "US-GOV-15-689-X445.313R08a": 1,
  "US-GOV-15-689-X480.4F8503": 1,
  "US-GOV-15-689-X523.5F7102": 1,
  "US-GOV-15-689-X532.5F7117": 1,
  "US-GOV-19-689-RA7001IPR": 1,
  "US-GOV-19-689-RA7006OIO": 1,
  "US-GOV-2-689-SR-CR-14-005": 1,
  "US-GOV-2-689-SR-CR-14-006": 1,
  "US-GOV-2-689-SR-CR-15-003": 1,
  "US-GOV-20-689-DE-AC04-94AL85000-(SNL)": 1,
  "US-GOV-20-689-DE-AC05-76RL01830-(PNNL);-DE-AC02-06CH11357-(ANL)": 1,
  "US-GOV-20-689-DE-AC52-06NA25396": 1,
  "US-GOV-20-689-NN4009020": 1,
  "US-GOV-22-689-9000031499": 1,
  "US-GOV-6-689-54048772": 1,
  "US-GOV-6-689-AsDB": 1,
  "US-GOV-6-689-AsDF": 1,
  "US-GOV-6-689-DB249C9F": 1,
  "US-GOV-6-689-EBRD": 1,
  "US-GOV-6-689-OTA3000000001": 1,
  "US-GOV-6-689-OTA3000000001;-OTA3000000025": 1,
  "US-GOV-6-689-OTA4000000053": 1
}