{
  "US-GOV-11-MT-1068551093": 1,
  "US-GOV-11-MT-1068551105": 1,
  "US-GOV-11-MT-SLMAQM15CA1251": 1,
  "US-GOV-15-MT-371029": 1,
  "US-GOV-15-MT-3F8502": 1,
  "US-GOV-15-MT-X417.371029": 1,
  "US-GOV-15-MT-X417.371030": 1,
  "US-GOV-15-MT-X431.3F8502": 1,
  "US-GOV-15-MT-X544.5F6012": 1,
  "US-GOV-15-MT-X583.6F6044": 1,
  "US-GOV-19-MT-MT-P-15I": 1,
  "US-GOV-19-MT-MT-P-16I": 1,
  "US-GOV-19-MT-MT-P-17I": 1,
  "US-GOV-19-MT-MTP15I": 1,
  "US-GOV-7-MT-3ffdefb2": 1,
  "US-GOV-7-MT-7129e899": 1,
  "US-GOV-7-MT-c519aa89": 1,
  "US-GOV-7-MT-df0f9fd4": 1,
  "US-GOV-7-MT-ec162e7b": 1
}