{
  "US-GOV-13-289-0dde9277": 1,
  "US-GOV-13-289-ea6b4cf7": 1,
  "US-GOV-14-289-15U92HA12772": 1,
  "US-GOV-14-289-17UH5HA30789": 1,
  "US-GOV-14-289-17UH6HA30738": 1,
  "US-GOV-14-289-17UH6HA30739": 1,
  "US-GOV-14-289-UC3HA21113": 1,
  "US-GOV-15-289-003017": 1,
  "US-GOV-15-289-072401": 1,
  "US-GOV-15-289-072402": 1,
  "US-GOV-15-289-10226539": 1,
  "US-GOV-15-289-103611": 1,
  "US-GOV-15-289-103817": 1,
  "US-GOV-15-289-103821": 1,
  "US-GOV-15-289-106687": 1,
  "US-GOV-15-289-10668710": 1,
  "US-GOV-15-289-10747576": 1,
  "US-GOV-15-289-109901": 1,
  "US-GOV-15-289-131126": 1,
  "US-GOV-15-289-131127": 1,
  "US-GOV-15-289-1F5263": 1,
  "US-GOV-15-289-1F7234": 1,
  "US-GOV-15-289-203210": 1,
  "US-GOV-15-289-203216": 1,
  "US-GOV-15-289-25F003": 1,
  "US-GOV-15-289-282020": 1,
  "US-GOV-15-289-303308": 1,
  "US-GOV-15-289-303312": 1,
  "US-GOV-15-289-309901": 1,
  "US-GOV-15-289-311900": 1,
  "US-GOV-15-289-311901": 1,
  "US-GOV-15-289-35F002": 1,
  "US-GOV-15-289-3F7108": 1,
  "US-GOV-15-289-403429": 1,
  "US-GOV-15-289-4F6002": 1,
  "US-GOV-15-289-4F6009": 1,
  "US-GOV-15-289-703W09": 1,
  "US-GOV-15-289-903036": 1,
  "US-GOV-15-289-903A17": 1,
  "US-GOV-15-289-903A40": 1,
  "US-GOV-15-289-933W08": 1,
  "US-GOV-15-289-X101.703W01": 1,
  "US-GOV-15-289-X137I.703W09": 1,
  "US-GOV-15-289-X347I.25F003": 1,
  "US-GOV-15-289-X361I.10226539": 1,
  "US-GOV-15-289-X362.203210": 1,
  "US-GOV-15-289-X362.203213": 1,
  "US-GOV-15-289-X362.203215": 1,
  "US-GOV-15-289-X362.203216": 1,
  "US-GOV-15-289-X364.282020": 1,
  "US-GOV-15-289-X390I.35F002": 1,
  "US-GOV-15-289-X397.233102": 1,
  "US-GOV-15-289-X397.25W015": 1,
  "US-GOV-15-289-X397.25W016": 1,
  "US-GOV-15-289-X399.203191": 1,
  "US-GOV-15-289-X403.2F5134": 1,
  "US-GOV-15-289-X415.303308": 1,
  "US-GOV-15-289-X415.303314": 1,
  "US-GOV-15-289-X430I.311900": 1,
  "US-GOV-15-289-X437.3F7108": 1,
  "US-GOV-15-289-X457I.109901": 1,
  "US-GOV-15-289-X457I.309901": 1,
  "US-GOV-15-289-X457I.311901": 1,
  "US-GOV-15-289-X461I.10668710": 1,
  "US-GOV-15-289-X463.4F6002": 1,
  "US-GOV-15-289-X464.4F6004": 1,
  "US-GOV-15-289-X471.4F6009": 1,
  "US-GOV-15-289-X473I.10747576": 1,
  "US-GOV-15-289-X483I.10763519": 1,
  "US-GOV-15-289-X489I.5F7108": 1,
  "US-GOV-15-289-X501.403429": 1,
  "US-GOV-15-289-X512.106687": 1,
  "US-GOV-15-289-X543.5F6018": 1,
  "US-GOV-15-289-X545.5F7110": 1,
  "US-GOV-17-289-IL211761060K": 1,
  "US-GOV-17-289-IL237961275K": 1,
  "US-GOV-17-289-IL281041575K17": 1,
  "US-GOV-19-289-2071-603849": 1,
  "US-GOV-19-289-RA5002IPR": 1,
  "US-GOV-19-289-RA6013INV": 1,
  "US-GOV-19-289-RA6103OIO": 1,
  "US-GOV-2-289-12CA11132762191": 1,
  "US-GOV-2-289-12DG11132762105": 1,
  "US-GOV-2-289-12IC11132762188": 1,
  "US-GOV-2-289-FCC-618-2014-053": 1,
  "US-GOV-2-289-FE-CR-16-003": 1,
  "US-GOV-2-289-FE-CR-16-003\n": 1,
  "US-GOV-2-289-FE-CR-16-005": 1,
  "US-GOV-2-289-FE-CR-16-005\n": 1,
  "US-GOV-2-289-SR-CR-13-005": 1,
  "US-GOV-2-289-SR-CR-13-006": 1,
  "US-GOV-2-289-SR-CR-14-002": 1,
  "US-GOV-2-289-SR-CR-14-007": 1,
  "US-GOV-2-289-SR-CR-15-001": 1,
  "US-GOV-2-289-SR-CR-15-005": 1,
  "US-GOV-20-289-NN4009020": 1,
  "US-GOV-22-289-9000003599": 1,
  "US-GOV-22-289-9000031252": 1,
  "US-GOV-22-289-9000031403": 1,
  "US-GOV-22-289-9000031486": 1,
  "US-GOV-22-289-9000031488": 1,
  "US-GOV-22-289-9000031625": 1,
  "US-GOV-26-289-DT0S5914N00777": 1,
  "US-GOV-26-289-DT0S5914N00778": 1,
  "US-GOV-26-289-DT0S5914X00587": 1,
  "US-GOV-26-289-DT0S5915N00824": 1,
  "US-GOV-26-289-DT0S5915N00831": 1,
  "US-GOV-26-289-DT0S5915X00628": 1,
  "US-GOV-26-289-DT0S5916N00879": 1,
  "US-GOV-26-289-DT0S5916N00880": 1,
  "US-GOV-26-289-DT0S5916X00144": 1,
  "US-GOV-26-289-DTOS5916N0081": 1,
  "US-GOV-6-289-2F359CBA": 1,
  "US-GOV-6-289-5677CA76": 1,
  "US-GOV-6-289-A6DB97B5": 1,
  "US-GOV-6-289-AfDB": 1,
  "US-GOV-6-289-AfDF": 1,
  "US-GOV-6-289-E0F2298C": 1,
  "US-GOV-6-289-OTA1000000003": 1,
  "US-GOV-6-289-OTA1000000013": 1,
  "US-GOV-6-289-OTA1000000014": 1,
  "US-GOV-6-289-OTA1000000022": 1,
  "US-GOV-6-289-OTA1000000030": 1,
  "US-GOV-6-289-OTA1000000040": 1,
  "US-GOV-6-289-OTA1000000041": 1,
  "US-GOV-6-289-OTA1000000048": 1,
  "US-GOV-6-289-OTA1000000049": 1,
  "US-GOV-6-289-OTA1000000050": 1,
  "US-GOV-6-289-OTA1000000051": 1,
  "US-GOV-6-289-OTA2000000001": 1,
  "US-GOV-6-289-OTA2000000005": 1,
  "US-GOV-6-289-OTA2000000007": 1,
  "US-GOV-6-289-OTA2000000015": 1,
  "US-GOV-6-289-OTA2000000016": 1,
  "US-GOV-6-289-OTA2000000035": 1,
  "US-GOV-6-289-OTA2000000038": 1,
  "US-GOV-6-289-OTA2000000039": 1,
  "US-GOV-6-289-OTA2000000040": 1,
  "US-GOV-6-289-OTA2000000043": 1,
  "US-GOV-6-289-OTA2000000054": 1,
  "US-GOV-6-289-OTA2000000059": 1,
  "US-GOV-6-289-OTA3000000023": 1,
  "US-GOV-6-289-OTA3000000024": 1,
  "US-GOV-6-289-OTA3000000068": 1,
  "US-GOV-6-289-OTA3000000073": 1,
  "US-GOV-6-289-OTA3000000074": 1,
  "US-GOV-6-289-OTA3000000078": 1,
  "US-GOV-6-289-OTA3000000079": 1,
  "US-GOV-6-289-OTA3000000080": 1,
  "US-GOV-6-289-OTA3000000083": 1,
  "US-GOV-6-289-OTA4000000003": 1,
  "US-GOV-6-289-OTA4000000005": 1,
  "US-GOV-6-289-OTA4000000010": 1,
  "US-GOV-6-289-OTA4000000016": 1,
  "US-GOV-6-289-OTA4000000017": 1,
  "US-GOV-6-289-OTA4000000018": 1,
  "US-GOV-6-289-OTA4000000019": 1,
  "US-GOV-6-289-OTA4000000020": 1,
  "US-GOV-6-289-OTA4000000024": 1,
  "US-GOV-6-289-OTA4000000027": 1,
  "US-GOV-6-289-OTA4000000032": 1,
  "US-GOV-6-289-OTA4000000036": 1,
  "US-GOV-6-289-OTA4000000039": 1,
  "US-GOV-6-289-OTA4000000047": 1,
  "US-GOV-6-289-OTA4000000048": 1,
  "US-GOV-6-289-OTA4000000049": 1,
  "US-GOV-6-289-OTA4000000050": 1,
  "US-GOV-6-289-OTA4000000052": 1,
  "US-GOV-6-289-OTA4000000053": 1,
  "US-GOV-6-289-OTA4000000054": 1,
  "US-GOV-6-289-OTA4000000056": 1,
  "US-GOV-6-289-OTA5000000003": 1,
  "US-GOV-6-289-OTA5000000004": 1,
  "US-GOV-6-289-OTA5000000011": 1,
  "US-GOV-6-289-OTA5000000018": 1,
  "US-GOV-6-289-OTA5000000022": 1,
  "US-GOV-6-289-OTA5000000025": 1,
  "US-GOV-6-289-OTA5000000028": 1,
  "US-GOV-6-289-OTA5000000042": 1,
  "US-GOV-6-289-OTA5000000043": 1,
  "US-GOV-6-289-OTA5000000044": 1,
  "US-GOV-6-289-OTA5000000047": 1,
  "US-GOV-6-289-OTA5000000050": 1,
  "US-GOV-6-289-OTA7000000001": 1,
  "US-GOV-7-289-041CFAC1": 1,
  "US-GOV-7-289-1996E99A": 1,
  "US-GOV-7-289-30FB8DC9": 1,
  "US-GOV-7-289-46BCB264": 1,
  "US-GOV-7-289-79CA91FB": 1,
  "US-GOV-7-289-83B5D721": 1,
  "US-GOV-7-289-AE817474": 1,
  "US-GOV-7-289-DA72FECA": 1,
  "US-GOV-7-289-DF1AD033": 1,
  "US-GOV-7-289-DTRA---4": 1,
  "US-GOV-7-289-E1105181": 1,
  "US-GOV-7-289-F1461E4B": 1,
  "US-GOV-9-289-F13AP00400": 1,
  "US-GOV-9-289-F15AP00316": 1,
  "US-GOV-9-289-F15AP00326": 1,
  "US-GOV-9-289-F15AP00332": 1
}