{
  "2017": {
    "GBP": 122218921.9221567
  },
  "2018": {
    "GBP": 37007351.2835971
  }
}