{
  "2017": {
    "GBP": 122218921.9221567
  },
  "2018": {
    "GBP": 31801666.103123
  }
}