{
  "null": {
    "GBP": {
      "2017": 122218921.9221567,
      "2018": 31801666.103123
    }
  }
}