{
  "null": {
    "GBP": {
      "2017": 122218921.9221567,
      "2018": 37007351.2835971
    }
  }
}