{
  "US-GOV-11-BB-2071211110": 1,
  "US-GOV-11-BB-2071311110": 1,
  "US-GOV-11-BB-SAQMMA12F2295": 1,
  "US-GOV-11-BB-SINLEC12L0119": 1,
  "US-GOV-11-BB-SINLEC14L0174": 1,
  "US-GOV-11-BB-SINLEC15M0018": 1,
  "US-GOV-11-BB-SINLEC16L0059": 1,
  "US-GOV-11-BB-SWHARC15C0003": 1,
  "US-GOV-14-BB-000637HA13": 1,
  "US-GOV-14-BB-000640HA13": 1,
  "US-GOV-14-BB-000674HA13": 1,
  "US-GOV-14-BB-000688HA13": 1,
  "US-GOV-14-BB-000846HA13": 1,
  "US-GOV-14-BB-002728HA13": 1,
  "US-GOV-14-BB-002934HA13": 1,
  "US-GOV-14-BB-003107HA13": 1,
  "US-GOV-14-BB-003108HA13": 1,
  "US-GOV-14-BB-00c1a07d": 1,
  "US-GOV-14-BB-015cbb4f": 1,
  "US-GOV-14-BB-02c90c6a": 1,
  "US-GOV-14-BB-04b51844": 1,
  "US-GOV-14-BB-065f6dda": 1,
  "US-GOV-14-BB-0d937b15": 1,
  "US-GOV-14-BB-0e34cbec": 1,
  "US-GOV-14-BB-0e6f0937": 1,
  "US-GOV-14-BB-1-U2G-GH001205-01": 1,
  "US-GOV-14-BB-1-U2G-GH001226-01": 1,
  "US-GOV-14-BB-10877c0e": 1,
  "US-GOV-14-BB-11699004": 1,
  "US-GOV-14-BB-11ee7dae": 1,
  "US-GOV-14-BB-134fa9b4": 1,
  "US-GOV-14-BB-1U2GGH001508": 1,
  "US-GOV-14-BB-1b5f2292": 1,
  "US-GOV-14-BB-1cef4a85": 1,
  "US-GOV-14-BB-1e0de2ce": 1,
  "US-GOV-14-BB-2.00201035771001E+15": 1,
  "US-GOV-14-BB-2.00201140946E+15": 1,
  "US-GOV-14-BB-2026ac16": 1,
  "US-GOV-14-BB-20ecf949": 1,
  "US-GOV-14-BB-246f9c70": 1,
  "US-GOV-14-BB-27390959": 1,
  "US-GOV-14-BB-27ac92d8": 1,
  "US-GOV-14-BB-283c0283": 1,
  "US-GOV-14-BB-29430665": 1,
  "US-GOV-14-BB-2abf1716": 1,
  "US-GOV-14-BB-2bb45f3c": 1,
  "US-GOV-14-BB-2dcdcd4b": 1,
  "US-GOV-14-BB-2ed4f89c": 1,
  "US-GOV-14-BB-3-U2G-GH000637-02S1": 1,
  "US-GOV-14-BB-3-U2G-GH000674-02S1": 1,
  "US-GOV-14-BB-3-U2G-GH000688-02S1": 1,
  "US-GOV-14-BB-3-U2G-GH000688-03S1": 1,
  "US-GOV-14-BB-3-U2G-GH000846-02S1": 1,
  "US-GOV-14-BB-3-U2G-GH000846-03S1": 1,
  "US-GOV-14-BB-3-U2G-GH000977-01S1": 1,
  "US-GOV-14-BB-3-U2G-GH001205-01S1": 1,
  "US-GOV-14-BB-3-U2G-PS001468-05S2": 1,
  "US-GOV-14-BB-3-U2G-PS001617-05S1": 1,
  "US-GOV-14-BB-3-U2G-PS002728-04S2": 1,
  "US-GOV-14-BB-3-U2G-PS002728-05S1": 1,
  "US-GOV-14-BB-3-U2G-PS002934-04S1": 1,
  "US-GOV-14-BB-33c4c1c9": 1,
  "US-GOV-14-BB-36c2c5d2": 1,
  "US-GOV-14-BB-37f0de38": 1,
  "US-GOV-14-BB-387281be": 1,
  "US-GOV-14-BB-390238ed": 1,
  "US-GOV-14-BB-39ab6c7e": 1,
  "US-GOV-14-BB-3U2GGH000637": 1,
  "US-GOV-14-BB-3U2GGH000688": 1,
  "US-GOV-14-BB-3U2GGH000846": 1,
  "US-GOV-14-BB-3U2GGH001205": 1,
  "US-GOV-14-BB-3U2GPS002728": 1,
  "US-GOV-14-BB-3U2GPS002934": 1,
  "US-GOV-14-BB-3U36OE000002": 1,
  "US-GOV-14-BB-3b54ddff": 1,
  "US-GOV-14-BB-3bb900dd": 1,
  "US-GOV-14-BB-3be22fb5": 1,
  "US-GOV-14-BB-3bfc080d": 1,
  "US-GOV-14-BB-42bc07ab": 1,
  "US-GOV-14-BB-455eaef2": 1,
  "US-GOV-14-BB-4577e875": 1,
  "US-GOV-14-BB-45c9e2a0": 1,
  "US-GOV-14-BB-45cc0899": 1,
  "US-GOV-14-BB-45fcfe93": 1,
  "US-GOV-14-BB-46242d68": 1,
  "US-GOV-14-BB-463b3722": 1,
  "US-GOV-14-BB-468eb58a": 1,
  "US-GOV-14-BB-49a3464c": 1,
  "US-GOV-14-BB-49d1d773": 1,
  "US-GOV-14-BB-49ddecde": 1,
  "US-GOV-14-BB-4a268e07": 1,
  "US-GOV-14-BB-4a6ca5e9": 1,
  "US-GOV-14-BB-4adfff3e": 1,
  "US-GOV-14-BB-5-U2G-GH000640-03": 1,
  "US-GOV-14-BB-5-U2G-PS003107-05": 1,
  "US-GOV-14-BB-5-U2G-PS003108-05": 1,
  "US-GOV-14-BB-5-U36-OE000002-03": 1,
  "US-GOV-14-BB-5-U50-CK000346-02": 1,
  "US-GOV-14-BB-5027c9a5": 1,
  "US-GOV-14-BB-543d4e7d": 1,
  "US-GOV-14-BB-54472e14": 1,
  "US-GOV-14-BB-55b04e33": 1,
  "US-GOV-14-BB-56357121": 1,
  "US-GOV-14-BB-5891cb8b": 1,
  "US-GOV-14-BB-59e7ea9f": 1,
  "US-GOV-14-BB-5U2GGH000640": 1,
  "US-GOV-14-BB-5U2GGH000846": 1,
  "US-GOV-14-BB-5U2GGH000977": 1,
  "US-GOV-14-BB-5U50CK000346": 1,
  "US-GOV-14-BB-5d56514b": 1,
  "US-GOV-14-BB-60204119": 1,
  "US-GOV-14-BB-65b0b89c": 1,
  "US-GOV-14-BB-65c1db99": 1,
  "US-GOV-14-BB-661a17fd": 1,
  "US-GOV-14-BB-670f828a": 1,
  "US-GOV-14-BB-6814afc0": 1,
  "US-GOV-14-BB-6d573703": 1,
  "US-GOV-14-BB-6d63b9c3": 1,
  "US-GOV-14-BB-6d64a1cb": 1,
  "US-GOV-14-BB-700f0af3": 1,
  "US-GOV-14-BB-704274f9": 1,
  "US-GOV-14-BB-70888811": 1,
  "US-GOV-14-BB-73e7d1a0": 1,
  "US-GOV-14-BB-775a0ec8": 1,
  "US-GOV-14-BB-79d325df": 1,
  "US-GOV-14-BB-79f99c2a": 1,
  "US-GOV-14-BB-7adae9da": 1,
  "US-GOV-14-BB-7dd1124b": 1,
  "US-GOV-14-BB-8242572a": 1,
  "US-GOV-14-BB-8245ddd1": 1,
  "US-GOV-14-BB-83a7dc98": 1,
  "US-GOV-14-BB-86494681": 1,
  "US-GOV-14-BB-87a2793d": 1,
  "US-GOV-14-BB-8832b2e9": 1,
  "US-GOV-14-BB-88eaa520": 1,
  "US-GOV-14-BB-8ac45286": 1,
  "US-GOV-14-BB-8cda02f2": 1,
  "US-GOV-14-BB-8f7c0ef6": 1,
  "US-GOV-14-BB-911a02c2": 1,
  "US-GOV-14-BB-9426ce4d": 1,
  "US-GOV-14-BB-949e09f7": 1,
  "US-GOV-14-BB-96151121": 1,
  "US-GOV-14-BB-96207ec1": 1,
  "US-GOV-14-BB-970dafd8": 1,
  "US-GOV-14-BB-9b433289": 1,
  "US-GOV-14-BB-9b454ad5": 1,
  "US-GOV-14-BB-9d0e9375": 1,
  "US-GOV-14-BB-9d281709": 1,
  "US-GOV-14-BB-9eec0c95": 1,
  "US-GOV-14-BB-HHS-2013-Barbados-3000-75-13-0943": 1,
  "US-GOV-14-BB-HHS-2013-Barbados-3001-75-1314-0955": 1,
  "US-GOV-14-BB-HHS-2013-Barbados-3001-75-19-1216-1031-001": 1,
  "US-GOV-14-BB-HHS-2013-Barbados-3001-75-19-X-1030-001": 1,
  "US-GOV-14-BB-HHS-2013-Barbados-3001-75-19-X-1031-001": 1,
  "US-GOV-14-BB-UCI000621A": 1,
  "US-GOV-14-BB-UGH000575A": 1,
  "US-GOV-14-BB-UGH000637A": 1,
  "US-GOV-14-BB-UGH000640A": 1,
  "US-GOV-14-BB-UGH000674A": 1,
  "US-GOV-14-BB-UGH000688A": 1,
  "US-GOV-14-BB-UGH000846A": 1,
  "US-GOV-14-BB-UOE000002A": 1,
  "US-GOV-14-BB-UPS001134A": 1,
  "US-GOV-14-BB-UPS001468A": 1,
  "US-GOV-14-BB-UPS001617A": 1,
  "US-GOV-14-BB-UPS002728A": 1,
  "US-GOV-14-BB-UPS002934A": 1,
  "US-GOV-14-BB-a00b1a21": 1,
  "US-GOV-14-BB-a0cf0bd8": 1,
  "US-GOV-14-BB-a12d16de": 1,
  "US-GOV-14-BB-a1c4c901": 1,
  "US-GOV-14-BB-a4084d9c": 1,
  "US-GOV-14-BB-a4807c75": 1,
  "US-GOV-14-BB-a5504beb": 1,
  "US-GOV-14-BB-a5c7ee6b": 1,
  "US-GOV-14-BB-a9eab9fb": 1,
  "US-GOV-14-BB-aa4bea84": 1,
  "US-GOV-14-BB-ad06c4d5": 1,
  "US-GOV-14-BB-ad5600f0": 1,
  "US-GOV-14-BB-adb27839": 1,
  "US-GOV-14-BB-b0056102": 1,
  "US-GOV-14-BB-b1d4a3fb": 1,
  "US-GOV-14-BB-b2cbfcbe": 1,
  "US-GOV-14-BB-b37a20a2": 1,
  "US-GOV-14-BB-b3e2ccd6": 1,
  "US-GOV-14-BB-b581c1e3": 1,
  "US-GOV-14-BB-b5ca7d6e": 1,
  "US-GOV-14-BB-b72c49b2": 1,
  "US-GOV-14-BB-b733b953": 1,
  "US-GOV-14-BB-b7d1344e": 1,
  "US-GOV-14-BB-b991648c": 1,
  "US-GOV-14-BB-ba897dd6": 1,
  "US-GOV-14-BB-bfc0e5a5": 1,
  "US-GOV-14-BB-c1d7db8f": 1,
  "US-GOV-14-BB-c2fb05c9": 1,
  "US-GOV-14-BB-c408c8f0": 1,
  "US-GOV-14-BB-c4e11110": 1,
  "US-GOV-14-BB-c525a3e3": 1,
  "US-GOV-14-BB-c9d4852a": 1,
  "US-GOV-14-BB-ca071d90": 1,
  "US-GOV-14-BB-ca107941": 1,
  "US-GOV-14-BB-cc3d4957": 1,
  "US-GOV-14-BB-cc5789b4": 1,
  "US-GOV-14-BB-ccae4c1d": 1,
  "US-GOV-14-BB-cd946ee9": 1,
  "US-GOV-14-BB-cdfc0d45": 1,
  "US-GOV-14-BB-cff0dadd": 1,
  "US-GOV-14-BB-d2ac9bdb": 1,
  "US-GOV-14-BB-d2d46ef7": 1,
  "US-GOV-14-BB-d462a67c": 1,
  "US-GOV-14-BB-d4c86691": 1,
  "US-GOV-14-BB-d51294e3": 1,
  "US-GOV-14-BB-d5f5db05": 1,
  "US-GOV-14-BB-d60047b0": 1,
  "US-GOV-14-BB-d6eaafa2": 1,
  "US-GOV-14-BB-d6f7b4a5": 1,
  "US-GOV-14-BB-d7216b3b": 1,
  "US-GOV-14-BB-d7ed1823": 1,
  "US-GOV-14-BB-d80a76e5": 1,
  "US-GOV-14-BB-d96b7225": 1,
  "US-GOV-14-BB-d9ecf525": 1,
  "US-GOV-14-BB-dbe303e5": 1,
  "US-GOV-14-BB-dbed0380": 1,
  "US-GOV-14-BB-dc1a0a67": 1,
  "US-GOV-14-BB-dcd19a08": 1,
  "US-GOV-14-BB-de3a8c98": 1,
  "US-GOV-14-BB-de7ac2eb": 1,
  "US-GOV-14-BB-dfd89c4e": 1,
  "US-GOV-14-BB-dfe8d2a7": 1,
  "US-GOV-14-BB-e17a9c0e": 1,
  "US-GOV-14-BB-e4602e32": 1,
  "US-GOV-14-BB-e59ee90c": 1,
  "US-GOV-14-BB-e79ff74a": 1,
  "US-GOV-14-BB-e8a201b5": 1,
  "US-GOV-14-BB-eb0b57fa": 1,
  "US-GOV-14-BB-f021dab1": 1,
  "US-GOV-14-BB-f18a665e": 1,
  "US-GOV-14-BB-f27232d4": 1,
  "US-GOV-14-BB-f55d39ec": 1,
  "US-GOV-14-BB-f611ba60": 1,
  "US-GOV-14-BB-f7aaed92": 1,
  "US-GOV-14-BB-f7aebf33": 1,
  "US-GOV-14-BB-f7edcdad": 1,
  "US-GOV-14-BB-f7f58151": 1,
  "US-GOV-14-BB-f80bbf84": 1,
  "US-GOV-14-BB-f9320662": 1,
  "US-GOV-14-BB-fbab0941": 1,
  "US-GOV-14-BB-fea84afc": 1,
  "US-GOV-14-BB-ff69ba28": 1,