{
  "US-11-BB-30": 1,
  "US-11-BB-30-SAQMMA12F2295": 1,
  "US-11-BB-30-SWHARC15C0003": 1,
  "US-11-BB-80": 1,
  "US-11-BB-80-2071211110": 1,
  "US-11-BB-80-2071311110": 1,
  "US-11-BB-90": 1,
  "US-11-BB-90-SINLEC12L0119": 1,
  "US-11-BB-90-SINLEC14L0174": 1,
  "US-11-BB-90-SINLEC15M0018": 1,
  "US-11-BB-90-SINLEC16L0059": 1,
  "US-7-BB-10": 1,
  "US-7-BB-10-53eff15e": 1,
  "US-7-BB-10-aa169a1c": 1,
  "US-7-BB-10-b7bc263a": 1,
  "US-7-BB-10-e0259a1c": 1,
  "US-7-BB-10-eb15216b": 1,
  "US-7-BB-70": 1,
  "US-7-BB-70-53eab7cf": 1,
  "US-7-BB-70-BB-HA-2015-00025624": 1,
  "US-7-BB-70-BB-HAMC-2015-00029341": 1,
  "US-8-BB-30": 1,
  "US-8-BB-30-000637HA13": 1,
  "US-8-BB-30-000640HA13": 1,
  "US-8-BB-30-000674HA13": 1,
  "US-8-BB-30-000688HA13": 1,
  "US-8-BB-30-000846HA13": 1,
  "US-8-BB-30-002728HA13": 1,
  "US-8-BB-30-002934HA13": 1,
  "US-8-BB-30-003107HA13": 1,
  "US-8-BB-30-003108HA13": 1,
  "US-8-BB-30-00c1a07d": 1,
  "US-8-BB-30-015cbb4f": 1,
  "US-8-BB-30-02c90c6a": 1,
  "US-8-BB-30-04b51844": 1,
  "US-8-BB-30-065f6dda": 1,
  "US-8-BB-30-0d937b15": 1,
  "US-8-BB-30-0e34cbec": 1,
  "US-8-BB-30-0e6f0937": 1,
  "US-8-BB-30-1-U2G-GH001205-01": 1,
  "US-8-BB-30-1-U2G-GH001226-01": 1,
  "US-8-BB-30-10877c0e": 1,
  "US-8-BB-30-11699004": 1,
  "US-8-BB-30-11ee7dae": 1,
  "US-8-BB-30-134fa9b4": 1,
  "US-8-BB-30-1U2GGH001508": 1,
  "US-8-BB-30-1b5f2292": 1,
  "US-8-BB-30-1cef4a85": 1,
  "US-8-BB-30-1e0de2ce": 1,
  "US-8-BB-30-2.00201035771001E+15": 1,
  "US-8-BB-30-2.00201140946E+15": 1,
  "US-8-BB-30-2026ac16": 1,
  "US-8-BB-30-20ecf949": 1,
  "US-8-BB-30-246f9c70": 1,
  "US-8-BB-30-27390959": 1,
  "US-8-BB-30-27ac92d8": 1,
  "US-8-BB-30-283c0283": 1,
  "US-8-BB-30-29430665": 1,
  "US-8-BB-30-2abf1716": 1,
  "US-8-BB-30-2bb45f3c": 1,
  "US-8-BB-30-2dcdcd4b": 1,
  "US-8-BB-30-2ed4f89c": 1,
  "US-8-BB-30-3-U2G-GH000637-02S1": 1,
  "US-8-BB-30-3-U2G-GH000674-02S1": 1,
  "US-8-BB-30-3-U2G-GH000688-02S1": 1,
  "US-8-BB-30-3-U2G-GH000688-03S1": 1,
  "US-8-BB-30-3-U2G-GH000846-02S1": 1,
  "US-8-BB-30-3-U2G-GH000846-03S1": 1,
  "US-8-BB-30-3-U2G-GH000977-01S1": 1,
  "US-8-BB-30-3-U2G-GH001205-01S1": 1,
  "US-8-BB-30-3-U2G-PS001468-05S2": 1,
  "US-8-BB-30-3-U2G-PS001617-05S1": 1,
  "US-8-BB-30-3-U2G-PS002728-04S2": 1,
  "US-8-BB-30-3-U2G-PS002728-05S1": 1,
  "US-8-BB-30-3-U2G-PS002934-04S1": 1,
  "US-8-BB-30-33c4c1c9": 1,
  "US-8-BB-30-36c2c5d2": 1,
  "US-8-BB-30-37f0de38": 1,
  "US-8-BB-30-387281be": 1,
  "US-8-BB-30-390238ed": 1,
  "US-8-BB-30-39ab6c7e": 1,
  "US-8-BB-30-3U2GGH000637": 1,
  "US-8-BB-30-3U2GGH000688": 1,
  "US-8-BB-30-3U2GGH000846": 1,
  "US-8-BB-30-3U2GGH001205": 1,
  "US-8-BB-30-3U2GPS002728": 1,
  "US-8-BB-30-3U2GPS002934": 1,
  "US-8-BB-30-3U36OE000002": 1,
  "US-8-BB-30-3b54ddff": 1,
  "US-8-BB-30-3bb900dd": 1,
  "US-8-BB-30-3be22fb5": 1,
  "US-8-BB-30-3bfc080d": 1,
  "US-8-BB-30-42bc07ab": 1,
  "US-8-BB-30-455eaef2": 1,
  "US-8-BB-30-4577e875": 1,
  "US-8-BB-30-45c9e2a0": 1,
  "US-8-BB-30-45cc0899": 1,
  "US-8-BB-30-45fcfe93": 1,
  "US-8-BB-30-46242d68": 1,
  "US-8-BB-30-463b3722": 1,
  "US-8-BB-30-468eb58a": 1,
  "US-8-BB-30-49a3464c": 1,
  "US-8-BB-30-49d1d773": 1,
  "US-8-BB-30-49ddecde": 1,
  "US-8-BB-30-4a268e07": 1,
  "US-8-BB-30-4a6ca5e9": 1,
  "US-8-BB-30-4adfff3e": 1,
  "US-8-BB-30-5-U2G-GH000640-03": 1,
  "US-8-BB-30-5-U2G-PS003107-05": 1,
  "US-8-BB-30-5-U2G-PS003108-05": 1,
  "US-8-BB-30-5-U36-OE000002-03": 1,
  "US-8-BB-30-5-U50-CK000346-02": 1,
  "US-8-BB-30-5027c9a5": 1,
  "US-8-BB-30-543d4e7d": 1,
  "US-8-BB-30-54472e14": 1,
  "US-8-BB-30-55b04e33": 1,
  "US-8-BB-30-56357121": 1,
  "US-8-BB-30-5891cb8b": 1,
  "US-8-BB-30-59e7ea9f": 1,
  "US-8-BB-30-5U2GGH000640": 1,
  "US-8-BB-30-5U2GGH000846": 1,
  "US-8-BB-30-5U2GGH000977": 1,
  "US-8-BB-30-5U50CK000346": 1,
  "US-8-BB-30-5d56514b": 1,
  "US-8-BB-30-60204119": 1,
  "US-8-BB-30-65b0b89c": 1,
  "US-8-BB-30-65c1db99": 1,
  "US-8-BB-30-661a17fd": 1,
  "US-8-BB-30-670f828a": 1,
  "US-8-BB-30-6814afc0": 1,
  "US-8-BB-30-6d573703": 1,
  "US-8-BB-30-6d63b9c3": 1,
  "US-8-BB-30-6d64a1cb": 1,
  "US-8-BB-30-700f0af3": 1,
  "US-8-BB-30-704274f9": 1,
  "US-8-BB-30-70888811": 1,
  "US-8-BB-30-73e7d1a0": 1,
  "US-8-BB-30-775a0ec8": 1,
  "US-8-BB-30-79d325df": 1,
  "US-8-BB-30-79f99c2a": 1,
  "US-8-BB-30-7adae9da": 1,
  "US-8-BB-30-7dd1124b": 1,
  "US-8-BB-30-8242572a": 1,
  "US-8-BB-30-8245ddd1": 1,
  "US-8-BB-30-83a7dc98": 1,
  "US-8-BB-30-86494681": 1,
  "US-8-BB-30-87a2793d": 1,
  "US-8-BB-30-8832b2e9": 1,
  "US-8-BB-30-88eaa520": 1,
  "US-8-BB-30-8ac45286": 1,
  "US-8-BB-30-8cda02f2": 1,
  "US-8-BB-30-8f7c0ef6": 1,
  "US-8-BB-30-911a02c2": 1,
  "US-8-BB-30-9426ce4d": 1,
  "US-8-BB-30-949e09f7": 1,
  "US-8-BB-30-96151121": 1,
  "US-8-BB-30-96207ec1": 1,
  "US-8-BB-30-970dafd8": 1,
  "US-8-BB-30-9b433289": 1,
  "US-8-BB-30-9b454ad5": 1,
  "US-8-BB-30-9d0e9375": 1,
  "US-8-BB-30-9d281709": 1,
  "US-8-BB-30-9eec0c95": 1,
  "US-8-BB-30-HHS-2013-Barbados-3000-75-13-0943": 1,
  "US-8-BB-30-HHS-2013-Barbados-3001-75-1314-0955": 1,
  "US-8-BB-30-HHS-2013-Barbados-3001-75-19-1216-1031-001": 1,
  "US-8-BB-30-HHS-2013-Barbados-3001-75-19-X-1030-001": 1,
  "US-8-BB-30-HHS-2013-Barbados-3001-75-19-X-1031-001": 1,
  "US-8-BB-30-UCI000621A": 1,
  "US-8-BB-30-UGH000575A": 1,
  "US-8-BB-30-UGH000637A": 1,
  "US-8-BB-30-UGH000640A": 1,
  "US-8-BB-30-UGH000674A": 1,
  "US-8-BB-30-UGH000688A": 1,
  "US-8-BB-30-UGH000846A": 1,
  "US-8-BB-30-UOE000002A": 1,
  "US-8-BB-30-UPS001134A": 1,
  "US-8-BB-30-UPS001468A": 1,
  "US-8-BB-30-UPS001617A": 1,
  "US-8-BB-30-UPS002728A": 1,
  "US-8-BB-30-UPS002934A": 1,
  "US-8-BB-30-a00b1a21": 1,
  "US-8-BB-30-a0cf0bd8": 1,
  "US-8-BB-30-a12d16de": 1,
  "US-8-BB-30-a1c4c901": 1,
  "US-8-BB-30-a4084d9c": 1,
  "US-8-BB-30-a4807c75": 1,
  "US-8-BB-30-a5504beb": 1,
  "US-8-BB-30-a5c7ee6b": 1,
  "US-8-BB-30-a9eab9fb": 1,
  "US-8-BB-30-aa4bea84": 1,
  "US-8-BB-30-ad06c4d5": 1,
  "US-8-BB-30-ad5600f0": 1,
  "US-8-BB-30-adb27839": 1,
  "US-8-BB-30-b0056102": 1,
  "US-8-BB-30-b1d4a3fb": 1,
  "US-8-BB-30-b2cbfcbe": 1,
  "US-8-BB-30-b37a20a2": 1,
  "US-8-BB-30-b3e2ccd6": 1,
  "US-8-BB-30-b581c1e3": 1,
  "US-8-BB-30-b5ca7d6e": 1,
  "US-8-BB-30-b72c49b2": 1,
  "US-8-BB-30-b733b953": 1,
  "US-8-BB-30-b7d1344e": 1,
  "US-8-BB-30-b991648c": 1,
  "US-8-BB-30-ba897dd6": 1,
  "US-8-BB-30-bfc0e5a5": 1,
  "US-8-BB-30-c1d7db8f": 1,
  "US-8-BB-30-c2fb05c9": 1,
  "US-8-BB-30-c408c8f0": 1,
  "US-8-BB-30-c4e11110": 1,
  "US-8-BB-30-c525a3e3": 1,
  "US-8-BB-30-c9d4852a": 1,
  "US-8-BB-30-ca071d90": 1,
  "US-8-BB-30-ca107941": 1,
  "US-8-BB-30-cc3d4957": 1,
  "US-8-BB-30-cc5789b4": 1,
  "US-8-BB-30-ccae4c1d": 1,
  "US-8-BB-30-cd946ee9": 1,
  "US-8-BB-30-cdfc0d45": 1,
  "US-8-BB-30-cff0dadd": 1,
  "US-8-BB-30-d2ac9bdb": 1,
  "US-8-BB-30-d2d46ef7": 1,
  "US-8-BB-30-d462a67c": 1,
  "US-8-BB-30-d4c86691": 1,
  "US-8-BB-30-d51294e3": 1,
  "US-8-BB-30-d5f5db05": 1,
  "US-8-BB-30-d60047b0": 1,
  "US-8-BB-30-d6eaafa2": 1,
  "US-8-BB-30-d6f7b4a5": 1,
  "US-8-BB-30-d7216b3b": 1,
  "US-8-BB-30-d7ed1823": 1,
  "US-8-BB-30-d80a76e5": 1,
  "US-8-BB-30-d96b7225": 1,
  "US-8-BB-30-d9ecf525": 1,
  "US-8-BB-30-dbe303e5": 1,
  "US-8-BB-30-dbed0380": 1,
  "US-8-BB-30-dc1a0a67": 1,
  "US-8-BB-30-dcd19a08": 1,
  "US-8-BB-30-de3a8c98": 1,
  "US-8-BB-30-de7ac2eb": 1,
  "US-8-BB-30-dfd89c4e": 1,
  "US-8-BB-30-dfe8d2a7": 1,
  "US-8-BB-30-e17a9c0e": 1,
  "US-8-BB-30-e4602e32": 1,
  "US-8-BB-30-e59ee90c": 1,
  "US-8-BB-30-e79ff74a": 1,
  "US-8-BB-30-e8a201b5": 1,
  "US-8-BB-30-eb0b57fa": 1,
  "US-8-BB-30-f021dab1": 1,
  "US-8-BB-30-f18a665e": 1,
  "US-8-BB-30-f27232d4": 1,
  "US-8-BB-30-f55d39ec": 1,
  "US-8-BB-30-f611ba60": 1,
  "US-8-BB-30-f7aaed92": 1,
  "US-8-BB-30-f7aebf33": 1,
  "US-8-BB-30-f7edcdad": 1,
  "US-8-BB-30-f7f58151": 1,
  "US-8-BB-30-f80bbf84": 1,
  "US-8-BB-30-f9320662": 1,
  "US-8-BB-30-fbab0941": 1,
  "US-8-BB-30-fea84afc": 1,
  "US-8-BB-30-ff69ba28": 1,
  "US-8-BB-30-ffaeaf11": 1,
  "US-9-BB-60": 1,
  "US-9-BB-60-F16AP00173": 1
}