{
  "NL-KVK-4115988": 1,
  "NL-KVK-4115988-CER.2019.13809": 1,
  "NL-KVK-4115988-CER.2019.13851": 1,
  "NL-KVK-4115988-CER.2019.13914": 1,
  "NL-KVK-4115988-CER1.2019.07123": 1,
  "NL-KVK-4115988-CER1.2019.13683": 1,
  "NL-KVK-4115988-CER1.2019.13861": 1,
  "NL-KVK-4115988-CER1.2019.13867": 1,
  "NL-KVK-4115988-CER1.2019.13868": 1,
  "NL-KVK-4115988-CER1.2019.13946": 1,
  "NL-KVK-4115988-CER1.2019.13950": 1,
  "NL-KVK-4115988-CER2.2019-11": 1,
  "NL-KVK-4115988-CER2.2019.02": 1,
  "NL-KVK-4115988-CER2.2019.07": 1,
  "NL-KVK-4115988-CER2.2019.08": 1,
  "NL-KVK-4115988-CER2.2019.13803": 1,
  "NL-KVK-4115988-CER2.2019.13876": 1,
  "NL-KVK-4115988-CER2.2019.13877": 1,
  "NL-KVK-4115988-N.2017.06468": 1,
  "NL-KVK-4115988-N.2017.06482": 1,
  "NL-KVK-4115988-N.2018.06910": 1,
  "NL-KVK-4115988-N.2019.13805": 1,
  "NL-KVK-4115988-N.2019.13820": 1,
  "NL-KVK-4115988-NG.2019.13682": 1,
  "NL-KVK-4115988-NG.2019.13689": 1,
  "NL-KVK-4115988-NG.2019.13691": 1,
  "NL-KVK-4115988-NG.2019.13692": 1,
  "NL-KVK-4115988-NG.2019.13694": 1,
  "NL-KVK-4115988-NG.2019.13707": 1,
  "NL-KVK-4115988-NG.2019.13708": 1,
  "NL-KVK-4115988-NG.2019.13709": 1,
  "NL-KVK-4115988-NG.2019.13710": 1,
  "NL-KVK-4115988-NG.2019.13711": 1,
  "NL-KVK-4115988-NG.2019.13712": 1,
  "NL-KVK-4115988-NG.2019.13713": 1,
  "NL-KVK-4115988-NG.2019.13714": 1,
  "NL-KVK-4115988-NG.2019.13715": 1,
  "NL-KVK-4115988-NG.2019.13716": 1,
  "NL-KVK-4115988-NG.2019.13718": 1,
  "NL-KVK-4115988-NG.2019.13719": 1,
  "NL-KVK-4115988-NG.2019.13721": 1,
  "NL-KVK-4115988-NG.2019.13722": 1,
  "NL-KVK-4115988-NG.2019.13730": 1,
  "NL-KVK-4115988-NG.2019.13733": 1,
  "NL-KVK-4115988-NG.2019.13735": 1,
  "NL-KVK-4115988-NGP.2018.06850": 1,
  "NL-KVK-4115988-NGP.2018.06852": 1,
  "NL-KVK-4115988-NGP.2018.06853": 1,
  "NL-KVK-4115988-NGP.2018.06854": 1,
  "NL-KVK-4115988-NGP.2018.06855": 1,
  "NL-KVK-4115988-NGP.2018.06856": 1,
  "NL-KVK-4115988-NGP.2018.06857": 1,
  "NL-KVK-4115988-NGP.2018.06858": 1,
  "NL-KVK-4115988-NGP.2018.06859": 1,
  "NL-KVK-4115988-NGP.2018.06860": 1,
  "NL-KVK-4115988-NGP.2018.06914": 1,
  "NL-KVK-4115988-NGP.2018.13688": 1,
  "NL-KVK-4115988-NL-KVK-4115988": 1,
  "NL-KVK-4115988-SC1.2019.13821": 1,
  "NL-KVK-4115988-SC1.2019.13822": 1,
  "NL-KVK-4115988-SC1.2019.13826": 1,
  "NL-KVK-4115988-SC1.2019.13827": 1,
  "NL-KVK-4115988-SC1.2019.13828": 1,
  "NL-KVK-4115988-SC1.2019.13829": 1,
  "NL-KVK-4115988-SC1.2019.13835": 1,
  "NL-KVK-4115988-SC1.2019.13836": 1,
  "NL-KVK-4115988-SC1.2019.13837": 1,
  "NL-KVK-4115988-SC1.2019.13857": 1,
  "NL-KVK-4115988-SC1.2019.13858": 1,
  "NL-KVK-4115988-SC1.2019.13859": 1,
  "NL-KVK-4115988-SC1.2019.13899": 1,
  "NL-KVK-4115988-SC1.2019.13901": 1,
  "NL-KVK-4115988-SC1.2019.13902": 1,
  "NL-KVK-4115988.CER2.2019.05": 1,
  "NL-KVK-4115988.N.2018.06911": 1,
  "NL-KVK-4115988.SC1.2019.13825": 1,
  "NL-KVK-SC1.2019.13856": 1,
  "NL-LVL-4115988-SC1.2019.13830": 1,
  "NL_KVL-4115988-NG.2019.13717": 1,
  "`NL-KVK-4115988-NGP.2019.07105": 1
}