{
  "US-GOV-11-DE-B13FCAB0": 1,
  "US-GOV-11-DE-SAQMMA17F4047": 1,
  "US-GOV-11-DE-SGE50012M0355": 1,
  "US-GOV-11-DE-SGE50015F0075": 1,
  "US-GOV-15-DE-X341I.10131200": 1,
  "US-GOV-15-DE-X345I.10142880": 1,
  "US-GOV-15-DE-X365.10131732": 1,
  "US-GOV-15-DE-X405.10251905": 1,
  "US-GOV-15-DE-X411.10322915": 1,
  "US-GOV-15-DE-X497I.10777554": 1,
  "US-GOV-15-DE-X534I.10957504": 1,
  "US-GOV-15-DE-X547.10777556": 1,
  "US-GOV-15-DE-X589.10928471": 1,
  "US-GOV-15-DE-X606.10957502": 1,
  "US-GOV-19-DE-RA1808OIO": 1,
  "US-GOV-2-DE-12IC11132762214": 1,
  "US-GOV-7-DE-078D314A": 1,
  "US-GOV-7-DE-07A9D4E6": 1,
  "US-GOV-7-DE-23F71E29": 1,
  "US-GOV-7-DE-27dcabe9": 1,
  "US-GOV-7-DE-291C4302": 1,
  "US-GOV-7-DE-3937a0ec": 1,
  "US-GOV-7-DE-42C311F3": 1,
  "US-GOV-7-DE-4CEF7F0D": 1,
  "US-GOV-7-DE-6A4B6743": 1,
  "US-GOV-7-DE-84ffd8ab": 1,
  "US-GOV-7-DE-86e0ba6a": 1,
  "US-GOV-7-DE-88B4A93D": 1,
  "US-GOV-7-DE-BB6ABAF5": 1,
  "US-GOV-7-DE-BD162C75": 1,
  "US-GOV-7-DE-EDC48148": 1,
  "US-GOV-7-DE-IENCOA": 1,
  "US-GOV-7-DE-IESOS": 1,
  "US-GOV-7-DE-c8530c05": 1,
  "US-GOV-7-DE-cb238442": 1,
  "US-GOV-7-DE-d6c56dd3": 1,
  "US-GOV-7-DE-d76831d1": 1,
  "US-GOV-7-DE-f328942e": 1
}