{
  "US-GOV-15-MY-049125": 1,
  "US-GOV-15-MY-072101": 1,
  "US-GOV-15-MY-103863": 1,
  "US-GOV-15-MY-251014": 1,
  "US-GOV-15-MY-350510": 1,
  "US-GOV-15-MY-431900": 1,
  "US-GOV-15-MY-6USP06": 1,
  "US-GOV-15-MY-924807": 1,
  "US-GOV-15-MY-994001": 1,
  "US-GOV-15-MY-S092177": 1,
  "US-GOV-15-MY-X363.251014": 1,
  "US-GOV-15-MY-X425.350510": 1,
  "US-GOV-15-MY-X481I.5F7101": 1,
  "US-GOV-15-MY-X483.431900": 1,
  "US-GOV-15-MY-X570.6USP06": 1,
  "US-GOV-15-MY-X582.6F6035": 1,
  "US-GOV-15-MY-X582.6F6036": 1,
  "US-GOV-15-MY-X593.5MY001": 1,
  "US-GOV-17-MY-IL239801375K": 1,
  "US-GOV-17-MY-IL280991575K11": 1,
  "US-GOV-17-MY-IL295801675K11": 1,
  "US-GOV-19-MY-2X-15-0123": 1,
  "US-GOV-19-MY-2X-15-0519": 1,
  "US-GOV-19-MY-2X-17-0634/94457": 1,
  "US-GOV-19-MY-LY": 1,
  "US-GOV-19-MY-MS": 1,
  "US-GOV-19-MY-RA5014CPI": 1,
  "US-GOV-19-MY-RA7004CPI": 1,
  "US-GOV-19-MY-RA7008CPI": 1,
  "US-GOV-2-MY-2526": 1,
  "US-GOV-2-MY-2564": 1,
  "US-GOV-20-MY-DOEINECP05-13MY001-000": 1,
  "US-GOV-20-MY-NN4009020": 1,
  "US-GOV-20-MY-S-IAA-12/13-ISN(NADR)-5-XB": 1,
  "US-GOV-7-MY-01fbe0a7": 1,
  "US-GOV-7-MY-1763882f": 1,
  "US-GOV-7-MY-1a1a2a3b": 1,
  "US-GOV-7-MY-211a6b48": 1,
  "US-GOV-7-MY-22925": 1,
  "US-GOV-7-MY-22926": 1,
  "US-GOV-7-MY-22cfba36": 1,
  "US-GOV-7-MY-25721": 1,
  "US-GOV-7-MY-27766": 1,
  "US-GOV-7-MY-2a67bb7e": 1,
  "US-GOV-7-MY-32234": 1,
  "US-GOV-7-MY-3be5ef0d": 1,
  "US-GOV-7-MY-530f47a2": 1,
  "US-GOV-7-MY-59403c87": 1,
  "US-GOV-7-MY-5c9a0382": 1,
  "US-GOV-7-MY-93dd7fa5": 1,
  "US-GOV-7-MY-DTRA---21": 1,
  "US-GOV-7-MY-USAFA---6": 1,
  "US-GOV-7-MY-USMA---23": 1,
  "US-GOV-7-MY-USNA---1": 1,
  "US-GOV-7-MY-USNA---27": 1,
  "US-GOV-7-MY-addc0c9d": 1,
  "US-GOV-7-MY-cacea5bc": 1,
  "US-GOV-7-MY-e2e54f84": 1,
  "US-GOV-7-MY-e31a71a4": 1,
  "US-GOV-7-MY-fc2326a1": 1,
  "US-GOV-9-MY-F12AP00715": 1,
  "US-GOV-9-MY-F12AP01040": 1,
  "US-GOV-9-MY-F12AP01117": 1,
  "US-GOV-9-MY-F13AP00463": 1,
  "US-GOV-9-MY-F13AP00792": 1,
  "US-GOV-9-MY-F13AP01040": 1,
  "US-GOV-9-MY-F14AP00273": 1,
  "US-GOV-9-MY-F14AP00633": 1,
  "US-GOV-9-MY-F14AP00956": 1,
  "US-GOV-9-MY-F14AP00971": 1,
  "US-GOV-9-MY-F15AP00501": 1,
  "US-GOV-9-MY-F15AP00503": 1,
  "US-GOV-9-MY-F15AP00828": 1,
  "US-GOV-9-MY-F15AP00831": 1,
  "US-GOV-9-MY-F15AP00868": 1,
  "US-GOV-9-MY-F16AP00698": 1,
  "US-GOV-9-MY-F16AP00706": 1,
  "US-GOV-9-MY-F16AP00952": 1,
  "US-GOV-9-MY-F16AP01030": 1
}