{
  "US-GOV-15-998-103079": 1,
  "US-GOV-15-998-203016": 1,
  "US-GOV-15-998-203F07I": 1,
  "US-GOV-15-998-212632": 1,
  "US-GOV-15-998-308054": 1,
  "US-GOV-15-998-343076": 1,
  "US-GOV-15-998-403303": 1,
  "US-GOV-15-998-443631": 1,
  "US-GOV-15-998-4F6003": 1,
  "US-GOV-15-998-4F6035": 1,
  "US-GOV-15-998-503302": 1,
  "US-GOV-15-998-503N14": 1,
  "US-GOV-15-998-603846": 1,
  "US-GOV-15-998-J2X": 1,
  "US-GOV-15-998-JITFM1818I402": 1,
  "US-GOV-15-998-JITFM1818I441": 1,
  "US-GOV-15-998-JITFM1818I479": 1,
  "US-GOV-15-998-JITFM1818I507": 1,
  "US-GOV-15-998-JITFM1818I525": 1,
  "US-GOV-15-998-JITFM1818I560": 1,
  "US-GOV-15-998-JITFM1818O415": 1,
  "US-GOV-15-998-JITFM1818O449": 1,
  "US-GOV-15-998-JITFM1818O461": 1,
  "US-GOV-15-998-JITFM1818O463": 1,
  "US-GOV-15-998-JITFM1818O471": 1,
  "US-GOV-15-998-JITFM1818O478": 1,
  "US-GOV-15-998-JITFM1818O482": 1,
  "US-GOV-15-998-JITFM1818O525": 1,
  "US-GOV-15-998-JITFM1818O526": 1,
  "US-GOV-15-998-JITFM1818O530": 1,
  "US-GOV-15-998-JITFM1818O567": 1,
  "US-GOV-15-998-JITFM1818O579": 1,
  "US-GOV-15-998-JITFM1818O622": 1,
  "US-GOV-15-998-JITFM1818O638": 1,
  "US-GOV-15-998-JITFM1818O645": 1,
  "US-GOV-15-998-K2R": 1,
  "US-GOV-15-998-L2M": 1,
  "US-GOV-15-998-R7016": 1,
  "US-GOV-15-998-S7016": 1,
  "US-GOV-15-998-Travel,-Lodging,-Meals": 1,
  "US-GOV-15-998-X381.212632": 1,
  "US-GOV-15-998-X402I.343076": 1,
  "US-GOV-15-998-X441I.4F6026": 1,
  "US-GOV-15-998-X448I.443631": 1,
  "US-GOV-15-998-X461.403303": 1,
  "US-GOV-15-998-X478.4F6003": 1,
  "US-GOV-15-998-X479I.5F7114": 1,
  "US-GOV-15-998-X482.4F6035": 1,
  "US-GOV-15-998-X492I.5F6005": 1,
  "US-GOV-15-998-X507I.4F6003a": 1,
  "US-GOV-15-998-X525.503302": 1,
  "US-GOV-15-998-X525I.6F6053": 1,
  "US-GOV-15-998-X526.5F6004": 1,
  "US-GOV-15-998-X571.603846": 1,
  "US-GOV-15-998-X622.703868": 1,
  "US-GOV-15-998-X638.7F6036": 1
}