{
  "US-GOV-15-998-103079": 1,
  "US-GOV-15-998-203016": 1,
  "US-GOV-15-998-203F07I": 1,
  "US-GOV-15-998-212632": 1,
  "US-GOV-15-998-308054": 1,
  "US-GOV-15-998-343076": 1,
  "US-GOV-15-998-403303": 1,
  "US-GOV-15-998-443631": 1,
  "US-GOV-15-998-4F6003": 1,
  "US-GOV-15-998-4F6035": 1,
  "US-GOV-15-998-503302": 1,
  "US-GOV-15-998-503N14": 1,
  "US-GOV-15-998-603846": 1,
  "US-GOV-15-998-J2X": 1,
  "US-GOV-15-998-K2R": 1,
  "US-GOV-15-998-L2M": 1,
  "US-GOV-15-998-R7016": 1,
  "US-GOV-15-998-S7016": 1,
  "US-GOV-15-998-X381.212632": 1,
  "US-GOV-15-998-X402I.343076": 1,
  "US-GOV-15-998-X441I.4F6026": 1,
  "US-GOV-15-998-X448I.443631": 1,
  "US-GOV-15-998-X461.403303": 1,
  "US-GOV-15-998-X478.4F6003": 1,
  "US-GOV-15-998-X479I.5F7114": 1,
  "US-GOV-15-998-X482.4F6035": 1,
  "US-GOV-15-998-X492I.5F6005": 1,
  "US-GOV-15-998-X507I.4F6003a": 1,
  "US-GOV-15-998-X525.503302": 1,
  "US-GOV-15-998-X525I.6F6053": 1,
  "US-GOV-15-998-X526.5F6004": 1,
  "US-GOV-15-998-X571.603846": 1,
  "US-GOV-15-998-X622.703868": 1,
  "US-GOV-15-998-X638.7F6036": 1
}