{
  "US-GOV-11-CD-2071215C02": 1,
  "US-GOV-11-CD-2071450818": 1,
  "US-GOV-11-CD-S-INLEC-11-CA-0047": 1,
  "US-GOV-11-CD-S-INLEC-11-CA-0051": 1,
  "US-GOV-11-CD-SINLEC11CA0047": 1,
  "US-GOV-11-CD-SINLEC11CA0051": 1,
  "US-GOV-11-CD-SINLEC13L0020": 1,
  "US-GOV-11-CD-SINLEC14L0055": 1,
  "US-GOV-11-CD-SINLEC14L0055-0-1": 1,
  "US-GOV-11-CD-SINLEC14L0055-0-2": 1,
  "US-GOV-11-CD-SINLEC16L0032": 1,
  "US-GOV-13-CD-4185": 1,
  "US-GOV-13-CD-4187": 1,
  "US-GOV-13-CD-4188": 1,
  "US-GOV-13-CD-4540": 1,
  "US-GOV-13-CD-4550": 1,
  "US-GOV-13-CD-4571": 1,
  "US-GOV-13-CD-4579": 1,
  "US-GOV-13-CD-4591": 1,
  "US-GOV-13-CD-4670": 1,
  "US-GOV-14-CD-000495HA13": 1,
  "US-GOV-14-CD-000532HA13": 1,
  "US-GOV-14-CD-001042HA13": 1,
  "US-GOV-14-CD-001526HA13": 1,
  "US-GOV-14-CD-002086HA13": 1,
  "US-GOV-14-CD-002752HA13": 1,
  "US-GOV-14-CD-002753HA13": 1,
  "US-GOV-14-CD-003a2b60": 1,
  "US-GOV-14-CD-01ea9561": 1,
  "US-GOV-14-CD-0306d466": 1,
  "US-GOV-14-CD-03105db2": 1,
  "US-GOV-14-CD-0326f5c5": 1,
  "US-GOV-14-CD-039e9043": 1,
  "US-GOV-14-CD-03e7f05e": 1,
  "US-GOV-14-CD-0457f5ab": 1,
  "US-GOV-14-CD-0886b218": 1,
  "US-GOV-14-CD-099de1d0": 1,
  "US-GOV-14-CD-09fae1cd": 1,
  "US-GOV-14-CD-0b2446bc": 1,
  "US-GOV-14-CD-0b6104ae": 1,
  "US-GOV-14-CD-0cedb222": 1,
  "US-GOV-14-CD-0f0ed511": 1,
  "US-GOV-14-CD-0f1d5887": 1,
  "US-GOV-14-CD-0fc65a96": 1,
  "US-GOV-14-CD-1-U2G-GH001084-01": 1,
  "US-GOV-14-CD-1116b8eb": 1,
  "US-GOV-14-CD-11a59826": 1,
  "US-GOV-14-CD-12156d15": 1,
  "US-GOV-14-CD-1267643b": 1,
  "US-GOV-14-CD-132795da": 1,
  "US-GOV-14-CD-13a9192b": 1,
  "US-GOV-14-CD-13b6db41": 1,
  "US-GOV-14-CD-14f7908d": 1,
  "US-GOV-14-CD-15974b10": 1,
  "US-GOV-14-CD-18303996": 1,
  "US-GOV-14-CD-18c7228f": 1,
  "US-GOV-14-CD-1U2GGH001351": 1,
  "US-GOV-14-CD-1b131ad0": 1,
  "US-GOV-14-CD-1d344fdc": 1,
  "US-GOV-14-CD-1e64f0f4": 1,
  "US-GOV-14-CD-1e6a7e6f": 1,
  "US-GOV-14-CD-1ed6e0d2": 1,
  "US-GOV-14-CD-1ef283df": 1,
  "US-GOV-14-CD-2.00201140946E+15": 1,
  "US-GOV-14-CD-2.00201354873E+15": 1,
  "US-GOV-14-CD-2153c4d8": 1,
  "US-GOV-14-CD-23307503": 1,
  "US-GOV-14-CD-236128c2": 1,
  "US-GOV-14-CD-23a6bd62": 1,
  "US-GOV-14-CD-23df2272": 1,
  "US-GOV-14-CD-256b4ebe": 1,
  "US-GOV-14-CD-26a7ca34": 1,
  "US-GOV-14-CD-271d99ed": 1,
  "US-GOV-14-CD-2781aacb": 1,
  "US-GOV-14-CD-27aaf097": 1,
  "US-GOV-14-CD-28b93028": 1,
  "US-GOV-14-CD-290b63fd": 1,
  "US-GOV-14-CD-29be85d6": 1,
  "US-GOV-14-CD-2aea583a": 1,
  "US-GOV-14-CD-2b31f8c5": 1,
  "US-GOV-14-CD-2bf8e54e": 1,
  "US-GOV-14-CD-2c1984f7": 1,
  "US-GOV-14-CD-2d39fb7a": 1,
  "US-GOV-14-CD-2e6d51c4": 1,
  "US-GOV-14-CD-2f021087": 1,
  "US-GOV-14-CD-2f0ab909": 1,
  "US-GOV-14-CD-2fa61a3b": 1,
  "US-GOV-14-CD-3-U2G-GH000495-03S1": 1,
  "US-GOV-14-CD-3-U2G-GH000532-04S1": 1,
  "US-GOV-14-CD-3-U2G-GH001042-01S1": 1,
  "US-GOV-14-CD-3-U2G-GH001084-01S1": 1,
  "US-GOV-14-CD-3-U2G-GH001097-01S1": 1,
  "US-GOV-14-CD-3-U2G-PS001526-05S1": 1,
  "US-GOV-14-CD-3-U2G-PS001526-05S2": 1,
  "US-GOV-14-CD-3-U2G-PS001799-05S1": 1,
  "US-GOV-14-CD-3-U2G-PS001947-05S1": 1,
  "US-GOV-14-CD-3-U2G-PS002086-05S1": 1,
  "US-GOV-14-CD-3-U2G-PS002752-04S1": 1,
  "US-GOV-14-CD-3-U2R-GH000046-04S2": 1,
  "US-GOV-14-CD-30cb5067": 1,
  "US-GOV-14-CD-30e5302c": 1,
  "US-GOV-14-CD-326a4f1e": 1,
  "US-GOV-14-CD-32f101a1": 1,
  "US-GOV-14-CD-33532739": 1,
  "US-GOV-14-CD-33d3bd71": 1,
  "US-GOV-14-CD-35007000": 1,
  "US-GOV-14-CD-3514a788": 1,
  "US-GOV-14-CD-354e398f": 1,
  "US-GOV-14-CD-3735767e": 1,
  "US-GOV-14-CD-387ff25c": 1,
  "US-GOV-14-CD-398b8aa9": 1,
  "US-GOV-14-CD-399ca276": 1,
  "US-GOV-14-CD-3U2GGH001042": 1,
  "US-GOV-14-CD-3U2GGH001084": 1,
  "US-GOV-14-CD-3U2GGH001097": 1,
  "US-GOV-14-CD-3U2GPS001526": 1,
  "US-GOV-14-CD-3a04b05c": 1,
  "US-GOV-14-CD-3a1c12e4": 1,
  "US-GOV-14-CD-3a9c186a": 1,
  "US-GOV-14-CD-3b22c971": 1,
  "US-GOV-14-CD-3ba2fe7b": 1,
  "US-GOV-14-CD-3bafc138": 1,
  "US-GOV-14-CD-3ee68d5a": 1,
  "US-GOV-14-CD-3fb313df": 1,
  "US-GOV-14-CD-40d6e0bc": 1,
  "US-GOV-14-CD-417d12a4": 1,
  "US-GOV-14-CD-41a95071": 1,
  "US-GOV-14-CD-425f6caf": 1,
  "US-GOV-14-CD-42feda6e": 1,
  "US-GOV-14-CD-43c118c6": 1,
  "US-GOV-14-CD-43cac62d": 1,
  "US-GOV-14-CD-44721c62": 1,
  "US-GOV-14-CD-462f82fb": 1,
  "US-GOV-14-CD-4647c3eb": 1,
  "US-GOV-14-CD-46a0a7c6": 1,
  "US-GOV-14-CD-49936f4d": 1,
  "US-GOV-14-CD-4bfb8a43": 1,
  "US-GOV-14-CD-5-U2G-GH000495-04": 1,
  "US-GOV-14-CD-5-U2G-GH000532-04": 1,
  "US-GOV-14-CD-5-U2G-GH001116-02": 1,
  "US-GOV-14-CD-5-U2G-PS001485-05": 1,
  "US-GOV-14-CD-5-U2G-PS002753-05": 1,
  "US-GOV-14-CD-509f4404": 1,
  "US-GOV-14-CD-51033774": 1,
  "US-GOV-14-CD-5154e4b1": 1,
  "US-GOV-14-CD-51b44662": 1,
  "US-GOV-14-CD-51dc92a0": 1,
  "US-GOV-14-CD-52491d60": 1,
  "US-GOV-14-CD-5299268f": 1,
  "US-GOV-14-CD-533577df": 1,
  "US-GOV-14-CD-538ebd6a": 1,
  "US-GOV-14-CD-54463cd7": 1,
  "US-GOV-14-CD-54f4365e": 1,
  "US-GOV-14-CD-564ee2f7": 1,
  "US-GOV-14-CD-57d52903": 1,
  "US-GOV-14-CD-57fe5073": 1,
  "US-GOV-14-CD-59a212b4": 1,
  "US-GOV-14-CD-5U2GGH000532": 1,
  "US-GOV-14-CD-5U2GGH001116": 1,
  "US-GOV-14-CD-5c011812": 1,
  "US-GOV-14-CD-5c4a5cda": 1,
  "US-GOV-14-CD-5cd0a95c": 1,
  "US-GOV-14-CD-5d1c20de": 1,
  "US-GOV-14-CD-60280817": 1,
  "US-GOV-14-CD-606d7bc0": 1,
  "US-GOV-14-CD-612a0597": 1,
  "US-GOV-14-CD-6134503c": 1,
  "US-GOV-14-CD-61ff2436": 1,
  "US-GOV-14-CD-62cbffde": 1,
  "US-GOV-14-CD-63626e88": 1,
  "US-GOV-14-CD-63b18af2": 1,
  "US-GOV-14-CD-63ba8ef0": 1,
  "US-GOV-14-CD-63caab5c": 1,
  "US-GOV-14-CD-6629dd2b": 1,
  "US-GOV-14-CD-67300071": 1,
  "US-GOV-14-CD-679ddd3b": 1,
  "US-GOV-14-CD-67fc7fcd": 1,
  "US-GOV-14-CD-69f125d0": 1,
  "US-GOV-14-CD-6a2f9c30": 1,
  "US-GOV-14-CD-6a55a94e": 1,
  "US-GOV-14-CD-6b4837d7": 1,
  "US-GOV-14-CD-6b545218": 1,
  "US-GOV-14-CD-6be3fd18": 1,
  "US-GOV-14-CD-6c0ce7f7": 1,
  "US-GOV-14-CD-6cb6e7f8": 1,
  "US-GOV-14-CD-6ea750a9": 1,
  "US-GOV-14-CD-703945a9": 1,
  "US-GOV-14-CD-714b0480": 1,
  "US-GOV-14-CD-73345776": 1,
  "US-GOV-14-CD-7334c773": 1,
  "US-GOV-14-CD-73f4eb75": 1,
  "US-GOV-14-CD-75105427": 1,
  "US-GOV-14-CD-76b25299": 1,
  "US-GOV-14-CD-77fb02e0": 1,
  "US-GOV-14-CD-78ee0123": 1,
  "US-GOV-14-CD-799c5914": 1,
  "US-GOV-14-CD-79d47156": 1,
  "US-GOV-14-CD-7ae6843f": 1,
  "US-GOV-14-CD-7ae9876b": 1,
  "US-GOV-14-CD-7da20519": 1,
  "US-GOV-14-CD-7dbdc422": 1,
  "US-GOV-14-CD-7ea9e282": 1,
  "US-GOV-14-CD-81c2f119": 1,
  "US-GOV-14-CD-82a45839": 1,
  "US-GOV-14-CD-82aa004c": 1,
  "US-GOV-14-CD-84f2ad50": 1,
  "US-GOV-14-CD-89e8d27b": 1,
  "US-GOV-14-CD-8b2fb11b": 1,
  "US-GOV-14-CD-8b3a627d": 1,
  "US-GOV-14-CD-8b7d434f": 1,
  "US-GOV-14-CD-8bbf302a": 1,
  "US-GOV-14-CD-8c9404d5": 1,
  "US-GOV-14-CD-8d863bd4": 1,
  "US-GOV-14-CD-8e2b0cf9": 1,
  "US-GOV-14-CD-8e763c1d": 1,
  "US-GOV-14-CD-8eb107dc": 1,
  "US-GOV-14-CD-90dda3ef": 1,
  "US-GOV-14-CD-91ddd9af": 1,
  "US-GOV-14-CD-920842fc": 1,
  "US-GOV-14-CD-92649d36": 1,
  "US-GOV-14-CD-92b6c3ea": 1,
  "US-GOV-14-CD-932d49a1": 1,
  "US-GOV-14-CD-93de4d86": 1,
  "US-GOV-14-CD-9446ef09": 1,
  "US-GOV-14-CD-94c43815": 1,
  "US-GOV-14-CD-94d55a25": 1,
  "US-GOV-14-CD-9687ac61": 1,
  "US-GOV-14-CD-96d3a1f2": 1,
  "US-GOV-14-CD-977cc975": 1,
  "US-GOV-14-CD-977e9067": 1,
  "US-GOV-14-CD-9857cd74": 1,
  "US-GOV-14-CD-991ea2a4": 1,
  "US-GOV-14-CD-996f6a32": 1,
  "US-GOV-14-CD-99dd0da1": 1,
  "US-GOV-14-CD-9a15bc73": 1,
  "US-GOV-14-CD-9a588829": 1,
  "US-GOV-14-CD-9d00962b": 1,
  "US-GOV-14-CD-9de8f6a0": 1,
  "US-GOV-14-CD-9dff75dd": 1,