{
  "US-GOV-12-489-1131PL17FIQ51157": 1,
  "US-GOV-12-489-1131PL17FIQ51160": 1,
  "US-GOV-12-489-1131PL18FIQ51064": 1,
  "US-GOV-12-489-1131PL18FIQ51106": 1,
  "US-GOV-12-489-1131PL18FIQ51108": 1,
  "US-GOV-12-489-1131PL18FIQ51145": 1,
  "US-GOV-12-489-GH201651135": 1,
  "US-GOV-12-489-IQ201651038": 1,
  "US-GOV-15-489-4F6012": 1,
  "US-GOV-15-489-JITFM1818O455": 1,
  "US-GOV-15-489-JITFM1818O479": 1,
  "US-GOV-15-489-JITFM1818O531": 1,
  "US-GOV-15-489-JITFM1818O566": 1,
  "US-GOV-15-489-JITFM1818O609": 1,
  "US-GOV-15-489-P012069-RCN-P009-Travel": 1,
  "US-GOV-15-489-P012209-RCN-P009-Travel": 1,
  "US-GOV-15-489-P012243-RCN-P009-Travel": 1,
  "US-GOV-15-489-P0135901-RCN-P010-IA-w/-USDA": 1,
  "US-GOV-15-489-P0135927-RCN-P009-IA-w/-USDA": 1,
  "US-GOV-15-489-P0135931-RCN-P008-IA-w/DOI": 1,
  "US-GOV-15-489-P0135932-RCN-P009-IA-w/-DOI": 1,
  "US-GOV-15-489-P01407-RCN-P009-Travel": 1,
  "US-GOV-15-489-X362.203215": 1,
  "US-GOV-15-489-X415.303313": 1,
  "US-GOV-15-489-X463.4F6002": 1,
  "US-GOV-15-489-X479.4F6012": 1,
  "US-GOV-15-489-X531.5F6015": 1,
  "US-GOV-17-489-IL239861375K": 1,
  "US-GOV-17-489-IL239881375K": 1,
  "US-GOV-17-489-IL239891375K": 1,
  "US-GOV-19-489-RA7010OIO": 1,
  "US-GOV-20-489-DN1001": 1,
  "US-GOV-20-489-DN1002030": 1,
  "US-GOV-20-489-DN1002040": 1,
  "US-GOV-20-489-DN1003": 1,
  "US-GOV-20-489-DN1006": 1,
  "US-GOV-20-489-DN1006010": 1,
  "US-GOV-20-489-DN3002020": 1,
  "US-GOV-20-489-DN3002030": 1,
  "US-GOV-20-489-DN4001020": 1,
  "US-GOV-20-489-DN4002010.40": 1,
  "US-GOV-20-489-NN4009020": 1,
  "US-GOV-20-489-NN9006100": 1,
  "US-GOV-20-489-NN9006200": 1,
  "US-GOV-20-489-NN9007020": 1,
  "US-GOV-20-489-NN9201030": 1,
  "US-GOV-20-489-NN9203000": 1,
  "US-GOV-20-489-NN9204000": 1,
  "US-GOV-21-489-LA-174": 1,
  "US-GOV-21-489-LA-178": 1,
  "US-GOV-21-489-LA-181": 1,
  "US-GOV-22-489-9000003515": 1,
  "US-GOV-22-489-9000003749": 1,
  "US-GOV-22-489-9000003769": 1,
  "US-GOV-22-489-9000003801": 1,
  "US-GOV-22-489-9000003803": 1,
  "US-GOV-22-489-9000032043": 1,
  "US-GOV-22-489-9000042715": 1,
  "US-GOV-22-489-9000052844": 1,
  "US-GOV-22-489-9000052858": 1,
  "US-GOV-22-489-9000072967": 1,
  "US-GOV-22-489-9000083071": 1,
  "US-GOV-6-489-0E65E590": 1,
  "US-GOV-6-489-ECE34615": 1,
  "US-GOV-6-489-IDB": 1,
  "US-GOV-6-489-OTA3000000024": 1,
  "US-GOV-7-489-2A51C92C": 1,
  "US-GOV-7-489-2F63D5E3": 1,
  "US-GOV-7-489-5D15D568": 1,
  "US-GOV-7-489-6EEA481D": 1,
  "US-GOV-7-489-8078CF8B": 1,
  "US-GOV-7-489-8230F92F": 1,
  "US-GOV-7-489-968C8B7F": 1,
  "US-GOV-7-489-968EC0DF": 1,
  "US-GOV-7-489-CF7D4B6E": 1,
  "US-GOV-7-489-EB1E7FEB": 1,
  "US-GOV-9-489-F12AP00444": 1,
  "US-GOV-9-489-F12AP00478": 1,
  "US-GOV-9-489-F12AP00548": 1,
  "US-GOV-9-489-F12AP00686": 1,
  "US-GOV-9-489-F12AP00813": 1,
  "US-GOV-9-489-F12AP00814": 1,
  "US-GOV-9-489-F13AP00527": 1,
  "US-GOV-9-489-F13AP00530": 1,
  "US-GOV-9-489-F13AP00764": 1,
  "US-GOV-9-489-F13AP00765": 1,
  "US-GOV-9-489-F13AP00769": 1,
  "US-GOV-9-489-F13AP00976": 1,
  "US-GOV-9-489-F14AP00372": 1,
  "US-GOV-9-489-F14AP00373": 1,
  "US-GOV-9-489-F14AP00375": 1,
  "US-GOV-9-489-F14AP00384": 1,
  "US-GOV-9-489-F14AP00396": 1,
  "US-GOV-9-489-F14AP00440": 1,
  "US-GOV-9-489-F14AP00554": 1,
  "US-GOV-9-489-F14AP00624": 1,
  "US-GOV-9-489-F14AP00627": 1,
  "US-GOV-9-489-F14AP00628": 1,
  "US-GOV-9-489-F14AP00856": 1,
  "US-GOV-9-489-F14AP00895": 1,
  "US-GOV-9-489-F14AP01029": 1,
  "US-GOV-9-489-F15AP00664": 1,
  "US-GOV-9-489-F15AP00665": 1,
  "US-GOV-9-489-F15AP00666": 1,
  "US-GOV-9-489-F15AP00668": 1,
  "US-GOV-9-489-F15AP00679": 1,
  "US-GOV-9-489-F15AP00964": 1,
  "US-GOV-9-489-F15AP00967": 1,
  "US-GOV-9-489-F15AP00993": 1,
  "US-GOV-9-489-F15AP01011": 1,
  "US-GOV-9-489-F15AP01012": 1,
  "US-GOV-9-489-F15AP01013": 1,
  "US-GOV-9-489-F15AP01021": 1,
  "US-GOV-9-489-F15AP01050": 1,
  "US-GOV-9-489-F16AP00408": 1,
  "US-GOV-9-489-F16AP00409": 1,
  "US-GOV-9-489-F16AP00423": 1,
  "US-GOV-9-489-F16AP00427": 1,
  "US-GOV-9-489-F16AP00429": 1,
  "US-GOV-9-489-F16AP00430": 1,
  "US-GOV-9-489-F16AP00431": 1,
  "US-GOV-9-489-F16AP00450": 1,
  "US-GOV-9-489-F16AP00451": 1,
  "US-GOV-9-489-F16AP00551": 1,
  "US-GOV-9-489-F16AP00598": 1,
  "US-GOV-9-489-F16AP00599": 1,
  "US-GOV-9-489-F16AP00600": 1,
  "US-GOV-9-489-F16AP00601": 1,
  "US-GOV-9-489-F16AP00603": 1,
  "US-GOV-9-489-F16AP00604": 1,
  "US-GOV-9-489-F16AP00607": 1,
  "US-GOV-9-489-F17AP00657": 1,
  "US-GOV-9-489-F17AP00678": 1
}