{
  "US-GOV-11-BA-2079108013": 1,
  "US-GOV-11-BA-2079108015": 1,
  "US-GOV-11-BA-2079208012": 1,
  "US-GOV-11-BA-2079208016": 1,
  "US-GOV-11-BA-2079308014": 1,
  "US-GOV-11-BA-2079308015": 1,
  "US-GOV-11-BA-2079308016": 1,
  "US-GOV-11-BA-2079408012": 1,
  "US-GOV-11-BA-2079408013": 1,
  "US-GOV-11-BA-2079408014": 1,
  "US-GOV-11-BA-2079408015": 1,
  "US-GOV-11-BA-2079408016": 1,
  "US-GOV-11-BA-SAQMMA13M0980": 1,
  "US-GOV-11-BA-SAQMMA14F1705": 1,
  "US-GOV-15-BA-008011": 1,
  "US-GOV-15-BA-008012": 1,
  "US-GOV-15-BA-108011": 1,
  "US-GOV-15-BA-108012": 1,
  "US-GOV-15-BA-108013": 1,
  "US-GOV-15-BA-108015": 1,
  "US-GOV-15-BA-208016": 1,
  "US-GOV-15-BA-308015": 1,
  "US-GOV-15-BA-308016": 1,
  "US-GOV-15-BA-408015": 1,
  "US-GOV-15-BA-408016": 1,
  "US-GOV-15-BA-505002": 1,
  "US-GOV-15-BA-687488": 1,
  "US-GOV-15-BA-808008": 1,
  "US-GOV-15-BA-808009": 1,
  "US-GOV-15-BA-808012": 1,
  "US-GOV-15-BA-908012": 1,
  "US-GOV-15-BA-908013": 1,
  "US-GOV-15-BA-908014": 1,
  "US-GOV-15-BA-X372.208012": 1,
  "US-GOV-15-BA-X380I.208016": 1,
  "US-GOV-15-BA-X408I.308016": 1,
  "US-GOV-15-BA-X444.308015": 1,
  "US-GOV-15-BA-X450I.408015": 1,
  "US-GOV-15-BA-X463I.687488": 1,
  "US-GOV-15-BA-X493I.508014": 1,
  "US-GOV-15-BA-X500.408016": 1,
  "US-GOV-15-BA-X535.508015": 1,
  "US-GOV-15-BA-X601.603002": 1,
  "US-GOV-6-BA-OTA4000000008": 1,
  "US-GOV-6-BA-OTA5000000008": 1,
  "US-GOV-7-BA-143a233c": 1,
  "US-GOV-7-BA-2b1d70b2": 1,
  "US-GOV-7-BA-564e5f1f": 1,
  "US-GOV-7-BA-581325c2": 1,
  "US-GOV-7-BA-6e728ec9": 1,
  "US-GOV-7-BA-86d75a08": 1,
  "US-GOV-7-BA-86e34189": 1,
  "US-GOV-7-BA-BP-HMA-2014-00024490": 1,
  "US-GOV-7-BA-ICDP---12": 1,
  "US-GOV-7-BA-USMA---34": 1,
  "US-GOV-7-BA-a21eaffb": 1,
  "US-GOV-7-BA-ba36f30b": 1,
  "US-GOV-7-BA-c846a277": 1,
  "US-GOV-7-BA-deaa64e6": 1,
  "US-GOV-7-BA-e49aee1e": 1
}