{
  "US-GOV-14-AO-002988HA13": 1,
  "US-GOV-14-AO-00f67efa": 1,
  "US-GOV-14-AO-016a69cd": 1,
  "US-GOV-14-AO-01a57a5e": 1,
  "US-GOV-14-AO-01d082d1": 1,
  "US-GOV-14-AO-043ca0d2": 1,
  "US-GOV-14-AO-04541898": 1,
  "US-GOV-14-AO-052ed39a": 1,
  "US-GOV-14-AO-084a60b0": 1,
  "US-GOV-14-AO-09804837": 1,
  "US-GOV-14-AO-0b76c13e": 1,
  "US-GOV-14-AO-0be401f1": 1,
  "US-GOV-14-AO-0c1243ea": 1,
  "US-GOV-14-AO-0dbae91a": 1,
  "US-GOV-14-AO-0dcd34be": 1,
  "US-GOV-14-AO-0e357935": 1,
  "US-GOV-14-AO-0ef47b7a": 1,
  "US-GOV-14-AO-1028f3ec": 1,
  "US-GOV-14-AO-102bd1a8": 1,
  "US-GOV-14-AO-1203bf2d": 1,
  "US-GOV-14-AO-153b966f": 1,
  "US-GOV-14-AO-15d7245a": 1,
  "US-GOV-14-AO-1961141d": 1,
  "US-GOV-14-AO-19849b49": 1,
  "US-GOV-14-AO-19eae0d1": 1,
  "US-GOV-14-AO-1ee400f9": 1,
  "US-GOV-14-AO-2.00201035772E+15": 1,
  "US-GOV-14-AO-2.00201140947001E+15": 1,
  "US-GOV-14-AO-200201250276": 1,
  "US-GOV-14-AO-2157b0fc": 1,
  "US-GOV-14-AO-221ae2c7": 1,
  "US-GOV-14-AO-22d34cb4": 1,
  "US-GOV-14-AO-251fa7b6": 1,
  "US-GOV-14-AO-25df886d": 1,
  "US-GOV-14-AO-26e5ecdc": 1,
  "US-GOV-14-AO-2794fa14": 1,
  "US-GOV-14-AO-2863514f": 1,
  "US-GOV-14-AO-29141058": 1,
  "US-GOV-14-AO-2937b71b": 1,
  "US-GOV-14-AO-2a284503": 1,
  "US-GOV-14-AO-2b01d1e8": 1,
  "US-GOV-14-AO-2d09c009": 1,
  "US-GOV-14-AO-2f048787": 1,
  "US-GOV-14-AO-2fb641c2": 1,
  "US-GOV-14-AO-3-U2G-PS002989-03S1": 1,
  "US-GOV-14-AO-3-U2R-GH000046-04S2": 1,
  "US-GOV-14-AO-324f1710": 1,
  "US-GOV-14-AO-3309b447": 1,
  "US-GOV-14-AO-34191b30": 1,
  "US-GOV-14-AO-375d01a2": 1,
  "US-GOV-14-AO-3U2GGH001097": 1,
  "US-GOV-14-AO-3U2GPS002728": 1,
  "US-GOV-14-AO-3c8f70ad": 1,
  "US-GOV-14-AO-3e17af0d": 1,
  "US-GOV-14-AO-3ed7b8b2": 1,
  "US-GOV-14-AO-3f302117": 1,
  "US-GOV-14-AO-41174b9a": 1,
  "US-GOV-14-AO-416ae9f9": 1,
  "US-GOV-14-AO-42238f6d": 1,
  "US-GOV-14-AO-43123d3e": 1,
  "US-GOV-14-AO-447e5e27": 1,
  "US-GOV-14-AO-482723f3": 1,
  "US-GOV-14-AO-489a4f21": 1,
  "US-GOV-14-AO-4a79dec9": 1,
  "US-GOV-14-AO-4ae0f9df": 1,
  "US-GOV-14-AO-4ddeb798": 1,
  "US-GOV-14-AO-5-U2G-PS002988-05": 1,
  "US-GOV-14-AO-516e90ed": 1,
  "US-GOV-14-AO-52fae410": 1,
  "US-GOV-14-AO-542e4f7f": 1,
  "US-GOV-14-AO-56763f23": 1,
  "US-GOV-14-AO-58495592": 1,
  "US-GOV-14-AO-5U2GGH000994": 1,
  "US-GOV-14-AO-5ae14d2c": 1,
  "US-GOV-14-AO-5b98561d": 1,
  "US-GOV-14-AO-5e81c9b7": 1,
  "US-GOV-14-AO-5ee866fd": 1,
  "US-GOV-14-AO-5f51d85d": 1,
  "US-GOV-14-AO-6362f911": 1,
  "US-GOV-14-AO-640569f6": 1,
  "US-GOV-14-AO-677da1a4": 1,
  "US-GOV-14-AO-6a0cb2e8": 1,
  "US-GOV-14-AO-6b917191": 1,
  "US-GOV-14-AO-6c87d111": 1,
  "US-GOV-14-AO-7632f01c": 1,
  "US-GOV-14-AO-764c16ed": 1,
  "US-GOV-14-AO-76f7c814": 1,
  "US-GOV-14-AO-78a36c35": 1,
  "US-GOV-14-AO-79d052ba": 1,
  "US-GOV-14-AO-7b4e48b5": 1,
  "US-GOV-14-AO-7bfbf07b": 1,
  "US-GOV-14-AO-7d78c452": 1,
  "US-GOV-14-AO-7d9fc926": 1,
  "US-GOV-14-AO-8033b154": 1,
  "US-GOV-14-AO-80dcdd63": 1,
  "US-GOV-14-AO-86a59fe4": 1,
  "US-GOV-14-AO-87a40b97": 1,
  "US-GOV-14-AO-8803cdf2": 1,
  "US-GOV-14-AO-8902cc41": 1,
  "US-GOV-14-AO-89ebcb9f": 1,
  "US-GOV-14-AO-8bd1e6da": 1,
  "US-GOV-14-AO-8c772dab": 1,
  "US-GOV-14-AO-8c85466c": 1,
  "US-GOV-14-AO-8d79957c": 1,
  "US-GOV-14-AO-8e5059c3": 1,
  "US-GOV-14-AO-8f6580ed": 1,
  "US-GOV-14-AO-9093f33c": 1,
  "US-GOV-14-AO-918c6bf9": 1,
  "US-GOV-14-AO-91b315f5": 1,
  "US-GOV-14-AO-92539921": 1,
  "US-GOV-14-AO-930b922c": 1,
  "US-GOV-14-AO-96b03c30": 1,
  "US-GOV-14-AO-96dec369": 1,
  "US-GOV-14-AO-992d71f3": 1,
  "US-GOV-14-AO-9a797967": 1,
  "US-GOV-14-AO-9bd53a28": 1,
  "US-GOV-14-AO-9c840a47": 1,
  "US-GOV-14-AO-9dc64e39": 1,
  "US-GOV-14-AO-9f91748c": 1,
  "US-GOV-14-AO-HHS-2013-Angola-3000-75-13-0943": 1,
  "US-GOV-14-AO-HHS-2013-Angola-3001-75-13-0955": 1,
  "US-GOV-14-AO-HHS-2013-Angola-3001-75-1314-0955": 1,
  "US-GOV-14-AO-HHS-2013-Angola-3001-75-19-1216-1031-001": 1,
  "US-GOV-14-AO-HHS-2013-Angola-3001-75-19-X-1030-001": 1,
  "US-GOV-14-AO-HHS-2013-Angola-3001-75-19-X-1031-001": 1,
  "US-GOV-14-AO-HHS-2013-Angola-3005-75-13-0955": 1,
  "US-GOV-14-AO-UGH000046A": 1,
  "US-GOV-14-AO-UGH000087A": 1,
  "US-GOV-14-AO-UGH000710A": 1,
  "US-GOV-14-AO-a0d6dfb1": 1,
  "US-GOV-14-AO-a6d42142": 1,
  "US-GOV-14-AO-a75b31bb": 1,
  "US-GOV-14-AO-a75d14b2": 1,
  "US-GOV-14-AO-a7fc3da8": 1,
  "US-GOV-14-AO-aa1344a4": 1,
  "US-GOV-14-AO-ac16fc95": 1,
  "US-GOV-14-AO-ac494649": 1,
  "US-GOV-14-AO-aed92784": 1,
  "US-GOV-14-AO-aee4dc53": 1,
  "US-GOV-14-AO-af5de80c": 1,
  "US-GOV-14-AO-afb6cd07": 1,
  "US-GOV-14-AO-b1ce0cdc": 1,
  "US-GOV-14-AO-b245cd14": 1,
  "US-GOV-14-AO-b56cda6e": 1,
  "US-GOV-14-AO-b78f8ca7": 1,
  "US-GOV-14-AO-ba896b19": 1,
  "US-GOV-14-AO-bab035ec": 1,
  "US-GOV-14-AO-bb3e3590": 1,
  "US-GOV-14-AO-bc993348": 1,
  "US-GOV-14-AO-be48eb08": 1,
  "US-GOV-14-AO-bfd84c01": 1,
  "US-GOV-14-AO-c08e272a": 1,
  "US-GOV-14-AO-c0ffca42": 1,
  "US-GOV-14-AO-c1842eff": 1,
  "US-GOV-14-AO-c1e783ed": 1,
  "US-GOV-14-AO-c1f06b13": 1,
  "US-GOV-14-AO-cafd70c2": 1,
  "US-GOV-14-AO-cb5d7a98": 1,
  "US-GOV-14-AO-ccd09e4c": 1,
  "US-GOV-14-AO-d07e37a7": 1,
  "US-GOV-14-AO-d0cd1394": 1,
  "US-GOV-14-AO-d33c2ad4": 1,
  "US-GOV-14-AO-d387072d": 1,
  "US-GOV-14-AO-d3f25214": 1,
  "US-GOV-14-AO-d4c5eeb5": 1,
  "US-GOV-14-AO-d62cb514": 1,
  "US-GOV-14-AO-d6472890": 1,
  "US-GOV-14-AO-d96371b4": 1,
  "US-GOV-14-AO-da4b1701": 1,
  "US-GOV-14-AO-db400a6c": 1,
  "US-GOV-14-AO-dd08da2c": 1,
  "US-GOV-14-AO-dd640935": 1,
  "US-GOV-14-AO-ddaf5fcd": 1,
  "US-GOV-14-AO-e55cea83": 1,
  "US-GOV-14-AO-e5999f5e": 1,
  "US-GOV-14-AO-e67ae8a5": 1,
  "US-GOV-14-AO-e6b1bee8": 1,
  "US-GOV-14-AO-e799a5bb": 1,
  "US-GOV-14-AO-e8cc2cff": 1,
  "US-GOV-14-AO-ebcf59a2": 1,
  "US-GOV-14-AO-ec3569a7": 1,
  "US-GOV-14-AO-eed9ff78": 1,
  "US-GOV-14-AO-f3553b1e": 1,
  "US-GOV-14-AO-f41de0ce": 1,
  "US-GOV-14-AO-f4527656": 1,
  "US-GOV-14-AO-f64af84d": 1,
  "US-GOV-14-AO-f92576bf": 1,
  "US-GOV-14-AO-f9bf88e2": 1,
  "US-GOV-14-AO-fa200ab3": 1,
  "US-GOV-14-AO-fadc1530": 1,
  "US-GOV-14-AO-fc60336d": 1,
  "US-GOV-14-AO-fc9ad5c7": 1,
  "US-GOV-14-AO-ffc87899": 1,
  "US-GOV-19-AO-AO-P-15I": 1,
  "US-GOV-19-AO-AO-P-16I": 1,
  "US-GOV-19-AO-AOP14I": 1,
  "US-GOV-2-AO-FFE-654-2009/020": 1,
  "US-GOV-2-AO-FFE-654-2009/020-00": 1,
  "US-GOV-6-AO-OTA1000000042": 1,
  "US-GOV-6-AO-OTA4000000020": 1,
  "US-GOV-6-AO-OTA4000000049": 1,
  "US-GOV-6-AO-d193d1a9": 1,
  "US-GOV-6-AO-e7e670d4": 1,
  "US-GOV-7-AO-6dbf70a1": 1,
  "US-GOV-7-AO-DoD-HIV/AIDS-Prevention-Program-(DHAPP)": 1,
  "US-GOV-7-AO-c9b403b8": 1
}