{
  "US-2-AO-30": 1,
  "US-2-AO-30-FFE-654-2009/020": 1,
  "US-2-AO-40": 1,
  "US-2-AO-40-FFE-654-2009/020-00": 1,
  "US-6-AO-20": 1,
  "US-6-AO-20-OTA4000000020": 1,
  "US-6-AO-50": 1,
  "US-6-AO-50-OTA1000000042": 1,
  "US-6-AO-50-OTA4000000020": 1,
  "US-6-AO-50-OTA4000000049": 1,
  "US-6-AO-50-d193d1a9": 1,
  "US-6-AO-50-e7e670d4": 1,
  "US-7-AO-30": 1,
  "US-7-AO-30-6dbf70a1": 1,
  "US-7-AO-30-c9b403b8": 1,
  "US-8-AO-30": 1,
  "US-8-AO-30-002988HA13": 1,
  "US-8-AO-30-00f67efa": 1,
  "US-8-AO-30-016a69cd": 1,
  "US-8-AO-30-01a57a5e": 1,
  "US-8-AO-30-01d082d1": 1,
  "US-8-AO-30-043ca0d2": 1,
  "US-8-AO-30-04541898": 1,
  "US-8-AO-30-052ed39a": 1,
  "US-8-AO-30-084a60b0": 1,
  "US-8-AO-30-09804837": 1,
  "US-8-AO-30-0b76c13e": 1,
  "US-8-AO-30-0be401f1": 1,
  "US-8-AO-30-0c1243ea": 1,
  "US-8-AO-30-0dbae91a": 1,
  "US-8-AO-30-0dcd34be": 1,
  "US-8-AO-30-0e357935": 1,
  "US-8-AO-30-0ef47b7a": 1,
  "US-8-AO-30-1028f3ec": 1,
  "US-8-AO-30-102bd1a8": 1,
  "US-8-AO-30-1203bf2d": 1,
  "US-8-AO-30-153b966f": 1,
  "US-8-AO-30-15d7245a": 1,
  "US-8-AO-30-1961141d": 1,
  "US-8-AO-30-19849b49": 1,
  "US-8-AO-30-19eae0d1": 1,
  "US-8-AO-30-1ee400f9": 1,
  "US-8-AO-30-2.00201035772E+15": 1,
  "US-8-AO-30-2.00201140947001E+15": 1,
  "US-8-AO-30-200201250276": 1,
  "US-8-AO-30-2157b0fc": 1,
  "US-8-AO-30-221ae2c7": 1,
  "US-8-AO-30-22d34cb4": 1,
  "US-8-AO-30-251fa7b6": 1,
  "US-8-AO-30-25df886d": 1,
  "US-8-AO-30-26e5ecdc": 1,
  "US-8-AO-30-2794fa14": 1,
  "US-8-AO-30-2863514f": 1,
  "US-8-AO-30-29141058": 1,
  "US-8-AO-30-2937b71b": 1,
  "US-8-AO-30-2a284503": 1,
  "US-8-AO-30-2b01d1e8": 1,
  "US-8-AO-30-2d09c009": 1,
  "US-8-AO-30-2f048787": 1,
  "US-8-AO-30-2fb641c2": 1,
  "US-8-AO-30-3-U2G-PS002989-03S1": 1,
  "US-8-AO-30-3-U2R-GH000046-04S2": 1,
  "US-8-AO-30-324f1710": 1,
  "US-8-AO-30-3309b447": 1,
  "US-8-AO-30-34191b30": 1,
  "US-8-AO-30-375d01a2": 1,
  "US-8-AO-30-3U2GGH001097": 1,
  "US-8-AO-30-3U2GPS002728": 1,
  "US-8-AO-30-3c8f70ad": 1,
  "US-8-AO-30-3e17af0d": 1,
  "US-8-AO-30-3ed7b8b2": 1,
  "US-8-AO-30-3f302117": 1,
  "US-8-AO-30-41174b9a": 1,
  "US-8-AO-30-416ae9f9": 1,
  "US-8-AO-30-42238f6d": 1,
  "US-8-AO-30-43123d3e": 1,
  "US-8-AO-30-447e5e27": 1,
  "US-8-AO-30-482723f3": 1,
  "US-8-AO-30-489a4f21": 1,
  "US-8-AO-30-4a79dec9": 1,
  "US-8-AO-30-4ae0f9df": 1,
  "US-8-AO-30-4ddeb798": 1,
  "US-8-AO-30-5-U2G-PS002988-05": 1,
  "US-8-AO-30-516e90ed": 1,
  "US-8-AO-30-52fae410": 1,
  "US-8-AO-30-542e4f7f": 1,
  "US-8-AO-30-56763f23": 1,
  "US-8-AO-30-58495592": 1,
  "US-8-AO-30-5U2GGH000994": 1,
  "US-8-AO-30-5ae14d2c": 1,
  "US-8-AO-30-5b98561d": 1,
  "US-8-AO-30-5e81c9b7": 1,
  "US-8-AO-30-5ee866fd": 1,
  "US-8-AO-30-5f51d85d": 1,
  "US-8-AO-30-6362f911": 1,
  "US-8-AO-30-640569f6": 1,
  "US-8-AO-30-677da1a4": 1,
  "US-8-AO-30-6a0cb2e8": 1,
  "US-8-AO-30-6b917191": 1,
  "US-8-AO-30-6c87d111": 1,
  "US-8-AO-30-7632f01c": 1,
  "US-8-AO-30-764c16ed": 1,
  "US-8-AO-30-76f7c814": 1,
  "US-8-AO-30-78a36c35": 1,
  "US-8-AO-30-79d052ba": 1,
  "US-8-AO-30-7b4e48b5": 1,
  "US-8-AO-30-7bfbf07b": 1,
  "US-8-AO-30-7d78c452": 1,
  "US-8-AO-30-7d9fc926": 1,
  "US-8-AO-30-8033b154": 1,
  "US-8-AO-30-80dcdd63": 1,
  "US-8-AO-30-86a59fe4": 1,
  "US-8-AO-30-87a40b97": 1,
  "US-8-AO-30-8803cdf2": 1,
  "US-8-AO-30-8902cc41": 1,
  "US-8-AO-30-89ebcb9f": 1,
  "US-8-AO-30-8bd1e6da": 1,
  "US-8-AO-30-8c772dab": 1,
  "US-8-AO-30-8c85466c": 1,
  "US-8-AO-30-8d79957c": 1,
  "US-8-AO-30-8e5059c3": 1,
  "US-8-AO-30-8f6580ed": 1,
  "US-8-AO-30-9093f33c": 1,
  "US-8-AO-30-918c6bf9": 1,
  "US-8-AO-30-91b315f5": 1,
  "US-8-AO-30-92539921": 1,
  "US-8-AO-30-930b922c": 1,
  "US-8-AO-30-96b03c30": 1,
  "US-8-AO-30-96dec369": 1,
  "US-8-AO-30-992d71f3": 1,
  "US-8-AO-30-9a797967": 1,
  "US-8-AO-30-9bd53a28": 1,
  "US-8-AO-30-9c840a47": 1,
  "US-8-AO-30-9dc64e39": 1,
  "US-8-AO-30-9f91748c": 1,
  "US-8-AO-30-HHS-2013-Angola-3000-75-13-0943": 1,
  "US-8-AO-30-HHS-2013-Angola-3001-75-13-0955": 1,
  "US-8-AO-30-HHS-2013-Angola-3001-75-1314-0955": 1,
  "US-8-AO-30-HHS-2013-Angola-3001-75-19-1216-1031-001": 1,
  "US-8-AO-30-HHS-2013-Angola-3001-75-19-X-1030-001": 1,
  "US-8-AO-30-HHS-2013-Angola-3001-75-19-X-1031-001": 1,
  "US-8-AO-30-HHS-2013-Angola-3005-75-13-0955": 1,
  "US-8-AO-30-UGH000046A": 1,
  "US-8-AO-30-UGH000087A": 1,
  "US-8-AO-30-UGH000710A": 1,
  "US-8-AO-30-a0d6dfb1": 1,
  "US-8-AO-30-a6d42142": 1,
  "US-8-AO-30-a75b31bb": 1,
  "US-8-AO-30-a75d14b2": 1,
  "US-8-AO-30-a7fc3da8": 1,
  "US-8-AO-30-aa1344a4": 1,
  "US-8-AO-30-ac16fc95": 1,
  "US-8-AO-30-ac494649": 1,
  "US-8-AO-30-aed92784": 1,
  "US-8-AO-30-aee4dc53": 1,
  "US-8-AO-30-af5de80c": 1,
  "US-8-AO-30-afb6cd07": 1,
  "US-8-AO-30-b1ce0cdc": 1,
  "US-8-AO-30-b245cd14": 1,
  "US-8-AO-30-b56cda6e": 1,
  "US-8-AO-30-b78f8ca7": 1,
  "US-8-AO-30-ba896b19": 1,
  "US-8-AO-30-bab035ec": 1,
  "US-8-AO-30-bb3e3590": 1,
  "US-8-AO-30-bc993348": 1,
  "US-8-AO-30-be48eb08": 1,
  "US-8-AO-30-bfd84c01": 1,
  "US-8-AO-30-c08e272a": 1,
  "US-8-AO-30-c0ffca42": 1,
  "US-8-AO-30-c1842eff": 1,
  "US-8-AO-30-c1e783ed": 1,
  "US-8-AO-30-c1f06b13": 1,
  "US-8-AO-30-cafd70c2": 1,
  "US-8-AO-30-cb5d7a98": 1,
  "US-8-AO-30-ccd09e4c": 1,
  "US-8-AO-30-d07e37a7": 1,
  "US-8-AO-30-d0cd1394": 1,
  "US-8-AO-30-d33c2ad4": 1,
  "US-8-AO-30-d387072d": 1,
  "US-8-AO-30-d3f25214": 1,
  "US-8-AO-30-d4c5eeb5": 1,
  "US-8-AO-30-d62cb514": 1,
  "US-8-AO-30-d6472890": 1,
  "US-8-AO-30-d96371b4": 1,
  "US-8-AO-30-da4b1701": 1,
  "US-8-AO-30-db400a6c": 1,
  "US-8-AO-30-dd08da2c": 1,
  "US-8-AO-30-dd640935": 1,
  "US-8-AO-30-ddaf5fcd": 1,
  "US-8-AO-30-e55cea83": 1,
  "US-8-AO-30-e5999f5e": 1,
  "US-8-AO-30-e67ae8a5": 1,
  "US-8-AO-30-e6b1bee8": 1,
  "US-8-AO-30-e799a5bb": 1,
  "US-8-AO-30-e8cc2cff": 1,
  "US-8-AO-30-ebcf59a2": 1,
  "US-8-AO-30-ec3569a7": 1,
  "US-8-AO-30-eed9ff78": 1,
  "US-8-AO-30-f3553b1e": 1,
  "US-8-AO-30-f41de0ce": 1,
  "US-8-AO-30-f4527656": 1,
  "US-8-AO-30-f64af84d": 1,
  "US-8-AO-30-f92576bf": 1,
  "US-8-AO-30-f9bf88e2": 1,
  "US-8-AO-30-fa200ab3": 1,
  "US-8-AO-30-fadc1530": 1,
  "US-8-AO-30-fc60336d": 1,
  "US-8-AO-30-fc9ad5c7": 1,
  "US-8-AO-30-ffc87899": 1
}