{
  "US-GOV-15-PR-189018": 1,
  "US-GOV-15-PR-2C7006": 1,
  "US-GOV-15-PR-2MH005": 1,
  "US-GOV-15-PR-3MH010": 1,
  "US-GOV-15-PR-3MH044": 1,
  "US-GOV-15-PR-3MM007": 1,
  "US-GOV-15-PR-412100": 1,
  "US-GOV-15-PR-436007": 1,
  "US-GOV-15-PR-4MM019": 1,
  "US-GOV-15-PR-723006": 1,
  "US-GOV-15-PR-P70T10144": 1,
  "US-GOV-15-PR-P70T10144A": 1,
  "US-GOV-15-PR-P70T10145": 1,
  "US-GOV-15-PR-P70T10145A": 1,
  "US-GOV-15-PR-R70T10008": 1,
  "US-GOV-15-PR-R70T10010": 1,
  "US-GOV-15-PR-R70T10018": 1,
  "US-GOV-15-PR-X513.189018": 1,
  "US-GOV-15-PR-X513.2C7006": 1,
  "US-GOV-15-PR-X513.2MH005": 1,
  "US-GOV-15-PR-X513.3MH010": 1,
  "US-GOV-15-PR-X513.3MH044": 1,
  "US-GOV-15-PR-X513.3MM007": 1,
  "US-GOV-15-PR-X513.412100": 1,
  "US-GOV-15-PR-X513.436007": 1,
  "US-GOV-15-PR-X513.4MM019": 1
}